id,first_name,last_name,email,gender,city,country_code,house_number,phoneNumber,credit_card
1,Rocky,Tampling,rtampling0@hc360.com,Male,El Jem,TN,3154,641-287-8193,4913829271929663
2,Gavin,Anyon,ganyon1@fda.gov,Male,Sena Madureira,BR,47283,588-136-5308,5602226970518009
3,Daniel,Philipsohn,dphilipsohn2@mysql.com,Male,Nuasepu,ID,34743,593-321-3954,6767508317191783
4,Ragnar,Tubble,rtubble3@theatlantic.com,Male,Gandorhun,SL,6088,535-173-9307,4175008635830635
5,Leonie,Kemston,lkemston4@amazon.de,Female,Saint-Avold,FR,76,427-805-4318,5018869848300916
6,Levin,Daugherty,ldaugherty5@hhs.gov,Male,Ituiutaba,BR,66185,141-893-5940,5048370959798034
7,Masha,Jennick,mjennick6@alibaba.com,Female,Gongbuxue,CN,96,775-881-0365,3533896880080545
8,Jenny,Drinkwater,jdrinkwater7@canalblog.com,Female,Krimpen aan den IJssel,NL,2039,394-249-2187,201844607861828
9,Mill,Wilkins,mwilkins8@acquirethisname.com,Male,Hidalgo,MX,1,316-856-0690,630449358352153477
10,Darryl,Mosdill,dmosdill9@a8.net,Female,Banraeaba Village,KI,6519,407-755-0640,3554019201627498
11,Brennen,Raccio,braccioa@ox.ac.uk,Male,Itō,JP,854,465-110-8391,3541511997372491
12,Eugenius,Bernakiewicz,ebernakiewiczb@bbc.co.uk,Male,Błonie,PL,01,500-476-2360,6759978645097812650
13,Floria,Toopin,ftoopinc@smugmug.com,Polygender,Geumpang,ID,3,579-637-3112,56022381920915154
14,Merwyn,Henze,mhenzed@independent.co.uk,Male,Sal’sk,RU,849,711-123-7976,67093390365090812
15,Jock,Dubarry,jdubarrye@geocities.jp,Male,Dianwan,CN,75,615-597-3758,372301730834837
16,Alley,Althorpe,aalthorpef@trellian.com,Non-binary,Boguszów-Gorce,PL,8,408-265-1352,3572069193828487
17,Vince,Paynes,vpaynesg@odnoklassniki.ru,Male,Sukapura,ID,8235,509-575-7811,3545676587049985
18,Nanice,Menaul,nmenaulh@chronoengine.com,Female,Manuel Antonio Mesones Muro,PE,23615,934-740-2762,337941765820500
19,Moreen,Toulamain,mtoulamaini@cyberchimps.com,Female,Nanhuatang,CN,75047,428-416-6712,374283051119717
20,Felicity,Cobby,fcobbyj@google.com.br,Bigender,Sarae,ID,0923,240-726-5809,3552075542252539
21,Mervin,Corry,mcorryk@wsj.com,Male,Guankou,CN,16,404-685-5775,3551351231469044
22,Rowe,Cuthbertson,rcuthbertsonl@ucla.edu,Genderqueer,Haitou,CN,0,558-612-4377,6759192007024821991
23,Lissa,Ianni,liannim@shareasale.com,Female,São Marcos da Serra,PT,2931,700-698-2744,4026728258504784
24,Bogey,Ledgerton,bledgertonn@mac.com,Male,El Paso,US,87160,915-815-6686,3528621761664291
25,Guido,Ferreiro,gferreiroo@free.fr,Male,Xuefu,CN,545,148-980-8869,5108754611497613
26,Dixie,Toothill,dtoothillp@cam.ac.uk,Female,Kayangel,PW,93,200-927-2239,3581696525864217
27,Maria,Seson,msesonq@fema.gov,Female,Qiagai,CN,66393,861-410-2118,201776852638826
28,Bertrando,Lunnon,blunnonr@cam.ac.uk,Male,Ferraria,PT,84420,670-606-8032,4905303185559174098
29,Deborah,Blore,dblores@dmoz.org,Female,Gandapura,ID,4,572-863-2244,3534725020948676
30,Jennine,Geraldez,jgeraldezt@xrea.com,Female,New Orleans,US,17,504-509-6650,3541880066809380
31,Nisse,Farrants,nfarrantsu@hao123.com,Agender,Sangar Sarāy,AF,62,810-423-7070,0604499052244232318
32,Inesita,Duiged,iduigedv@go.com,Female,Saint-Ouen,FR,4,822-512-7797,3541875810207352
33,Derward,Gittins,dgittinsw@npr.org,Male,Tshaneni,SZ,4,945-945-6532,67098900460117354
34,Maxy,Graddon,mgraddonx@ucla.edu,Male,Aquiraz,BR,4124,761-999-0223,3541136011696764
35,Tandy,Swendell,tswendelly@symantec.com,Female,Nailung,CN,3,572-392-6229,3567712753174712
36,Willow,Medeway,wmedewayz@de.vu,Female,West Island,CC,9,768-261-6357,633110619633192853
37,Mercedes,Kelsall,mkelsall10@statcounter.com,Female,Xingnong,CN,98040,532-463-8029,3578889117264624
38,Haze,Marnes,hmarnes11@bandcamp.com,Non-binary,Pataha,ID,27,460-625-9444,3553367426185599
39,Teodor,Surman,tsurman12@woothemes.com,Male,Wenlin,CN,52667,253-364-2374,6771412324645234
40,Chaim,Hayward,chayward13@nhs.uk,Male,Tumpang,ID,6911,261-274-1534,3550440894757737
41,Patsy,Coffin,pcoffin14@sohu.com,Male,Zheleznogorsk,RU,8,578-142-0453,3577476691972540
42,Warde,Akhurst,wakhurst15@123-reg.co.uk,Male,Outeiro de Polima,PT,7405,339-757-7407,670948919455445466
43,Kory,Oppery,koppery16@myspace.com,Male,Laval,FR,44679,475-200-4358,3569592466899054
44,Brigit,Evitts,bevitts17@goodreads.com,Female,Trai Ngau,VN,2109,660-924-2661,4405987313364987
45,Andy,Labrow,alabrow18@storify.com,Male,Gaoyu,CN,849,548-890-3327,3533558841682120
46,Waldemar,Elnor,welnor19@blogger.com,Male,Fangxiang,CN,2,562-500-9958,3548330094799792
47,Clea,Anster,canster1a@skype.com,Female,Kosino,RU,87502,694-809-0360,3562663698010591
48,Austine,Kedslie,akedslie1b@ebay.co.uk,Female,Nayoro,JP,38262,433-383-4627,503865843760275214
49,Marshall,Bwy,mbwy1c@vinaora.com,Male,Namyangju,KR,6,912-647-5114,3564789729472464
50,Alejandrina,Ruoff,aruoff1d@w3.org,Female,Bang Krathum,TH,7294,135-365-9918,5641823720872489
51,Bob,Ryal,bryal1e@yelp.com,Male,New Bedford,US,43,508-987-3910,5602259736241831663
52,Janina,Skeggs,jskeggs1f@imgur.com,Female,Goczałkowice Zdrój,PL,81394,887-730-9189,5610263704719512
53,Jerrie,Earles,jearles1g@hc360.com,Male,Pyinmana,MM,0609,398-840-3262,3543913077485946
54,Clarabelle,Di Ruggero,cdiruggero1h@tripod.com,Female,Zhenping Chengguanzhen,CN,55223,515-196-1338,676731684956419083
55,Ike,Mealham,imealham1i@toplist.cz,Male,Wangcungang,CN,79,894-134-3967,3571863354469151
56,Burton,Radley,bradley1j@zdnet.com,Male,Pekuwon,ID,272,508-687-8840,3556444135059089
57,Neilla,Casolla,ncasolla1k@yelp.com,Female,Richmond,US,59864,804-864-4713,5602242275001369
58,Candie,McCarrick,cmccarrick1l@zimbio.com,Female,Mahanoro,MG,117,860-362-5083,3580912850617232
59,Basia,Ruddy,bruddy1m@purevolume.com,Female,Watunggong,ID,155,300-419-5280,3544943232033843
60,Nicoline,Barajas,nbarajas1n@delicious.com,Female,Boyany,UA,90426,863-902-3243,3560464420724357
61,Moina,Skelcher,mskelcher1o@admin.ch,Female,Радовиш,MK,4,309-587-3430,3572508674626399
62,Dacie,Dunston,ddunston1p@seesaa.net,Female,Arcos,BR,41,840-697-1589,5010127050980364
63,Alister,Donaway,adonaway1q@china.com.cn,Male,Mliwang,ID,09867,410-415-4285,3575124825162024
64,Gertie,Tremlett,gtremlett1r@mysql.com,Female,General Cabrera,AR,0731,943-410-4320,6759508516800225341
65,Cortney,Willimot,cwillimot1s@naver.com,Female,Podgorenskiy,RU,02,979-121-1344,3534952575061578
66,Emma,Landsberg,elandsberg1t@typepad.com,Female,Žihle,CZ,45,455-612-5864,3532980760677504
67,Deonne,Ogborne,dogborne1u@upenn.edu,Female,Molde,NO,2060,421-397-0381,3550415068739927
68,Garrett,Shortan,gshortan1v@oaic.gov.au,Male,Petřvald,CZ,41,206-694-3051,3554355121076063
69,Margie,Hembry,mhembry1w@goo.gl,Non-binary,Taiobeiras,BR,11619,559-315-9008,3542434257746115
70,Arny,O'Brollachain,aobrollachain1x@psu.edu,Genderqueer,Cabanas de Viriato,PT,9,764-702-8914,3581520971361710
71,Liuka,Ranns,lranns1y@nifty.com,Female,Jepat Kidul,ID,34,701-488-9924,675998560956915165
72,Gerhardt,Abramov,gabramov1z@economist.com,Male,Tangub,PH,7,787-994-3471,3537186584009933
73,Elyssa,Lowdyane,elowdyane20@ezinearticles.com,Female,Jieshui,CN,2,418-388-4800,5020993071565574426
74,Lorinda,Raxworthy,lraxworthy21@shutterfly.com,Female,Pipa,CN,83,293-142-7240,3551553583353045
75,Marie,Dudny,mdudny22@tinypic.com,Female,Billa,ID,3,587-285-0714,5100145396080625
76,Christa,Boldry,cboldry23@craigslist.org,Bigender,Yanagawa,JP,767,733-322-8024,3584578558979954
77,Rosemonde,Johansson,rjohansson24@hhs.gov,Female,Kolindrós,GR,920,555-753-6704,675955559808064819
78,Justino,Garlick,jgarlick25@rambler.ru,Male,Ketapang,ID,035,619-495-5620,3559227763696893
79,Vita,Summons,vsummons26@edublogs.org,Female,Guisa,CU,7,383-738-9835,67595760330315564
80,Georgi,Pietri,gpietri27@thetimes.co.uk,Male,Sirnaresmi,ID,8416,451-182-6929,5641825702345122279
81,Artemis,Kingzeth,akingzeth28@youtu.be,Male,Tigaherang,ID,7,987-277-1336,3543331018238862
82,Gerrie,McGonigal,gmcgonigal29@parallels.com,Female,Tebara,ID,2,413-314-3365,4718433755447
83,Phaedra,Lauderdale,plauderdale2a@ibm.com,Genderqueer,Cruz Alta,BR,3446,675-681-1111,3534318035640205
84,Edmon,Bruckmann,ebruckmann2b@tumblr.com,Non-binary,Chunyang,CN,8,535-377-3206,3576379392885881
85,Hunfredo,McCaster,hmccaster2c@usda.gov,Male,Rāipur,BD,216,437-162-8427,3547747227524725
86,Omar,Lortzing,olortzing2d@apache.org,Male,Cambrai,FR,459,388-533-4325,201412367188038
87,Titos,Hunstone,thunstone2e@statcounter.com,Male,Borzęcin,PL,67,359-958-5340,3538533117964788
88,Hanni,Georgiev,hgeorgiev2f@blogspot.com,Female,Sumberbakti,ID,6924,425-576-2447,3568742295721455
89,Keefe,Guerrier,kguerrier2g@sitemeter.com,Male,Lemende,PT,389,766-712-1753,56022468730260051
90,Maighdiln,Trowler,mtrowler2h@bloomberg.com,Female,Jargalant,MN,3,504-408-1104,201567789114548
91,Kiah,Coddington,kcoddington2i@harvard.edu,Genderqueer,Kremenki,RU,56,330-338-6718,201500791480557
92,Sara-ann,Phorsby,sphorsby2j@pinterest.com,Female,Savannah,US,43,478-697-6562,3557221950001621
93,Rae,Saladine,rsaladine2k@google.fr,Genderqueer,Yefimovskiy,RU,59157,372-486-6899,5602229063711366
94,Aeriel,Rouchy,arouchy2l@miitbeian.gov.cn,Female,Binlod,PH,49409,877-440-4626,6761370361458285326
95,Debor,Dibnah,ddibnah2m@cbsnews.com,Female,Strašice,CZ,8,497-103-4145,6763390362199837880
96,Pammie,Kewish,pkewish2n@artisteer.com,Female,Labansari,ID,12,844-300-3825,3542502238179604
97,Benita,Teeney,bteeney2o@etsy.com,Female,Aikmel,ID,751,891-561-3240,5602256062727671
98,Tessy,Hardson,thardson2p@homestead.com,Female,Lutomiersk,PL,66,253-252-3374,30186790521315
99,Fania,Paik,fpaik2q@unblog.fr,Female,Galván,DO,9,356-208-1417,3572054298174607
100,Lin,Schubart,lschubart2r@fc2.com,Male,Spokoynaya,RU,90306,149-712-9565,564182236082171617
101,Keefer,Heliet,kheliet2s@abc.net.au,Genderqueer,Shangyang,CN,54690,543-723-2304,3572216556413528
102,Walther,Oakly,woakly2t@mapy.cz,Male,Sveg,SE,08120,644-460-4369,3576925274768486
103,Mannie,Comoletti,mcomoletti2u@sohu.com,Male,Älvdalen,SE,9,943-632-6597,3537080632829428
104,Alexander,Kelsey,akelsey2v@gov.uk,Agender,Chamouny,MU,8,316-126-1589,3568147513324183
105,Barclay,Nethercott,bnethercott2w@nature.com,Male,Novalja,HR,97,818-250-4279,67090335400165569
106,Leoine,Dearnaley,ldearnaley2x@whitehouse.gov,Female,Fayaoué,NC,23241,160-912-9791,5610659002397747
107,Annnora,Bottini,abottini2y@bluehost.com,Polygender,Tangjiakou,CN,35,122-372-8898,3560148835730493
108,Stanford,Antonchik,santonchik2z@amazonaws.com,Male,Vihāri,PK,066,621-402-9231,4586575252352
109,Sande,Gelder,sgelder30@stanford.edu,Female,Tuncheng,CN,6840,573-893-6831,3537637513941430
110,Carr,Hawket,chawket31@shinystat.com,Male,Shatian,CN,5363,103-289-1285,5100131928992495
111,Jarad,Dackombe,jdackombe32@delicious.com,Male,Gaillac,FR,759,994-699-3511,5602220763674129
112,Cad,Obee,cobee33@blogspot.com,Male,Watthana Nakhon,TH,7,751-924-5255,4041595589598020
113,Bili,Guerreiro,bguerreiro34@mit.edu,Female,Chonchi,CL,5,233-809-5906,3530694792209929
114,Vanna,Streat,vstreat35@springer.com,Female,Espera Feliz,BR,008,874-215-5638,3565013702156955
115,Purcell,Bumpas,pbumpas36@ebay.co.uk,Male,Pagedangan,ID,919,474-516-0094,5048375094260832
116,Tallia,Baruch,tbaruch37@sohu.com,Female,Skellefteå,SE,510,706-898-2104,201931878106429
117,Paulita,Eadie,peadie38@skyrock.com,Agender,Letuyi,CN,136,414-251-4076,3571176806487865
118,Kiley,Spaduzza,kspaduzza39@cornell.edu,Male,Jintan,CN,2,363-746-1733,3565047761044389
119,Wheeler,Stallebrass,wstallebrass3a@fotki.com,Male,Silab,PH,2348,457-153-4235,6767711170128971
120,Jodie,McGrowther,jmcgrowther3b@europa.eu,Male,Lisieux,FR,95,120-767-5017,5602245432099344838
121,Yorker,Farnworth,yfarnworth3c@mozilla.org,Male,Tongjing,CN,900,657-824-4456,3530609632636917
122,Zechariah,Langmuir,zlangmuir3d@elegantthemes.com,Male,Yaozhanzi,CN,78397,727-340-3934,201443241183853
123,Leila,Trowl,ltrowl3e@buzzfeed.com,Genderfluid,Heshan,CN,55,975-655-8282,3565386283303257
124,Hubie,Acreman,hacreman3f@ezinearticles.com,Male,Tullyallen,IE,814,718-484-9382,374622801154567
125,Freeman,Kennifick,fkennifick3g@wisc.edu,Male,Sydney,AU,37,315-987-1654,5018174324349945
126,Yovonnda,Austin,yaustin3h@hubpages.com,Female,Chinú,CO,520,734-339-3225,3589010957314943
127,Alfons,Navein,anavein3i@drupal.org,Male,Ust’-Izhora,RU,0159,648-277-3432,3583102905264563
128,Nissa,Caldwall,ncaldwall3j@usatoday.com,Female,Sosnovoborsk,RU,70193,685-314-2895,3584952259237113
129,Deena,Pittoli,dpittoli3k@ucsd.edu,Female,Vazante,BR,08036,351-422-9443,379526515451133
130,Denny,Barroux,dbarroux3l@nba.com,Male,Sapouy,BF,362,695-251-1823,4774039284715947
131,Dido,Harrema,dharrema3m@adobe.com,Female,Saint-Sauveur,CA,3,573-666-0126,3552347802002239
132,Joellyn,Lippett,jlippett3n@mozilla.com,Female,Marne-la-Vallée,FR,68,978-771-7864,3542711665931664
133,Britte,Rushsorth,brushsorth3o@go.com,Female,Sovetsk,RU,09357,657-960-2999,3555661455251977
134,Caterina,De la Zenne,cdelazenne3p@jigsy.com,Female,Aix-en-Provence,FR,0824,953-733-0915,6379999011407908
135,Donnell,Brazil,dbrazil3q@noaa.gov,Male,Passos,BR,1,826-524-8281,30517395065953
136,Cassey,Ingrey,cingrey3r@businessweek.com,Female,Jaguarão,BR,18444,215-220-2162,63047083561737452
137,Averill,Hallibone,ahallibone3s@weibo.com,Male,Saint-Pierre-Montlimart,FR,25422,918-681-2040,5010121828325960
138,Berty,Trank,btrank3t@oracle.com,Male,Beaumont,CA,832,579-685-7803,6759793036398063
139,Christian,Alanbrooke,calanbrooke3u@hatena.ne.jp,Male,Conchagua,SV,1748,380-474-3562,3560647503310074
140,Bob,Goodlake,bgoodlake3v@linkedin.com,Male,Mazha,CN,9667,876-142-9636,5602252079111512
141,Lincoln,Brittlebank,lbrittlebank3w@google.de,Male,Shangfang,CN,18476,128-226-5014,5010125478776513
142,Vanny,Gopsill,vgopsill3x@1688.com,Female,Edinburgh of the Seven Seas,SH,4746,195-183-9204,3548492140322357
143,Carce,Gullis,cgullis3y@altervista.org,Male,Ngchesar Hamlet,PW,8907,897-714-4741,5002357575794624
144,Marcus,Vagges,mvagges3z@typepad.com,Male,Vikhorevka,RU,1,310-608-1560,5602238065583350
145,Godart,Fredi,gfredi40@mozilla.org,Male,Shangshuai,CN,49,354-503-0349,3575429444620322
146,Kent,Castanho,kcastanho41@issuu.com,Male,Auna,NG,5,355-163-4230,3571542795539737
147,Stephenie,Copner,scopner42@cdbaby.com,Female,San Esteban,PH,81,936-359-4031,3560379069993768
148,De witt,De Benedetti,ddebenedetti43@bravesites.com,Male,Bergvliet,ZA,96080,939-970-3151,3534658454916481
149,Uriah,Welchman,uwelchman44@smugmug.com,Bigender,Novopavlovsk,RU,42305,809-135-6443,201861551248372
150,Clementius,Farryn,cfarryn45@barnesandnoble.com,Male,Vladikavkaz,RU,653,707-948-9242,3549798798804077
151,Betta,Della,bdella46@google.fr,Female,Marka,SO,71,989-403-9998,5530725071624399
152,Kelsi,Southouse,ksouthouse47@macromedia.com,Female,Chechenglu,CN,6,493-388-6461,3559345460853102
153,Tomi,Keeton,tkeeton48@nba.com,Genderfluid,Kakogawachō-honmachi,JP,5,607-726-6095,4917657681452885
154,Keriann,Terese,kterese49@marketwatch.com,Female,León,NI,67227,783-961-2229,3546570079570310
155,Taddeo,Roycroft,troycroft4a@cyberchimps.com,Male,Lyalichi,RU,538,882-891-8467,3544419538051052
156,Winthrop,Mundle,wmundle4b@1und1.de,Male,Chã Grande,BR,8,448-713-8838,3543566391735386
157,Joshia,Scatcher,jscatcher4c@smh.com.au,Male,Tongguan,CN,72,806-342-5521,4405037532947814
158,Broderick,McRannell,bmcrannell4d@ustream.tv,Male,Axioúpoli,GR,206,623-833-8323,3530200640100425
159,Silvana,Fellon,sfellon4e@issuu.com,Genderqueer,Novhorodka,UA,54367,292-930-1208,3587736310572247
160,Holmes,Gong,hgong4f@posterous.com,Male,Guaraciaba do Norte,BR,92999,685-676-8738,4412949653557
161,Paige,Kingsland,pkingsland4g@friendfeed.com,Male,Pirané,AR,6,464-228-7106,4911550971456159011
162,Zsazsa,Kiefer,zkiefer4h@virginia.edu,Bigender,Okahandja,NA,63,242-456-1076,5602254930003342
163,Joshuah,Rihosek,jrihosek4i@nbcnews.com,Male,Longxing,CN,2303,579-484-6331,30034576581865
164,Cal,Keenan,ckeenan4j@go.com,Female,Calape,PH,1972,116-715-0885,5048373936627201
165,Sheffield,Karel,skarel4k@pen.io,Male,Bambuí,BR,9,528-443-3163,4903524287775398
166,Silvain,Gerlts,sgerlts4l@discovery.com,Male,Gaocheng,CN,5,142-857-4827,3575661887367454
167,Lilyan,Stradling,lstradling4m@sina.com.cn,Non-binary,Zhovkva,UA,81969,817-799-9078,5204433506777917
168,Tim,Swin,tswin4n@auda.org.au,Female,Imperatriz,BR,0,691-528-3484,3572825915767216
169,Bobby,Pestridge,bpestridge4o@surveymonkey.com,Male,Los Aquijes,PE,02207,271-607-8107,3533022063752715
170,Felix,Waldock,fwaldock4p@so-net.ne.jp,Male,Riachão das Neves,BR,3,758-649-3246,5010120298711626
171,Anetta,Erbe,aerbe4q@buzzfeed.com,Polygender,Чегране,MK,4,328-828-4402,5018491659116618261
172,Derward,Handy,dhandy4r@1und1.de,Male,Bontang Baru,ID,67,500-890-6312,201569684588396
173,Nial,Reboulet,nreboulet4s@example.com,Male,Doug An,VN,3862,224-605-1216,3560325805028245
174,Zorina,Kilgrew,zkilgrew4t@ted.com,Female,Baton Rouge,US,85,225-521-5333,4913498286817469
175,Sukey,Alvares,salvares4u@cbsnews.com,Female,Kotayk’,AM,51,413-943-1797,560225173968139375
176,Salomo,Elger,selger4v@japanpost.jp,Male,Pomahuaca,PE,897,305-233-9994,3559763367400647
177,Janie,Petschelt,jpetschelt4w@buzzfeed.com,Polygender,Novyy Nekouz,RU,81,511-605-6549,3585503412850786
178,Cyril,Costa,ccosta4x@jalbum.net,Male,Sairam,CN,1847,816-220-5225,5518839329234483
179,Garwin,Duberry,gduberry4y@flickr.com,Male,Kināna,SD,3,797-409-1146,3544934579353795
180,Niccolo,Caudell,ncaudell4z@ucla.edu,Male,Nîmes,FR,1526,744-253-6813,3566747808672303
181,Nickolai,Bunney,nbunney50@themeforest.net,Male,Caen,FR,99,369-785-8639,3544869759650059
182,Nappy,Mulqueen,nmulqueen51@telegraph.co.uk,Male,Xuetian,CN,39980,920-695-8989,5602259161243616
183,Ruddie,Kerner,rkerner52@hibu.com,Male,Badāmā,SY,609,530-500-9104,560222649477921018
184,Donnell,Malsher,dmalsher53@dion.ne.jp,Male,Kenamoen,ID,8188,582-111-9311,3534307775574443
185,Rosalyn,Tuffell,rtuffell54@earthlink.net,Female,Yoichi,JP,36859,199-266-9591,3553795226808772
186,Rivi,Knellen,rknellen55@springer.com,Female,Mkiriwadjumoi,KM,7012,871-607-1015,3589689752523269
187,Gabriele,Merricks,gmerricks56@gizmodo.com,Male,Rivera,UY,90,709-612-9764,201729831721072
188,Lou,Cobbold,lcobbold57@godaddy.com,Female,Kagal’nitskaya,RU,0837,987-575-2106,5610894575435018
189,Maurise,Ringer,mringer58@gravatar.com,Female,Yataity del Norte,PY,9,681-758-6956,30097032120867
190,Lyon,Tunno,ltunno59@google.es,Male,Urzhar,KZ,363,820-630-8780,3542656874054016
191,Gwenora,Wemes,gwemes5a@scientificamerican.com,Female,Tekes,CN,700,710-954-6174,6390318682818456
192,Adorne,Minshull,aminshull5b@livejournal.com,Female,Boca do Acre,BR,11265,277-489-3259,0604960245774505
193,Carrol,Dartnell,cdartnell5c@g.co,Male,Sanshan,CN,04072,388-566-3233,56022125078806586
194,Dody,Barton,dbarton5d@chicagotribune.com,Female,Elmira,US,0620,607-665-9892,3561019356855903
195,Blakeley,Nannini,bnannini5e@wikispaces.com,Female,Hekou,CN,5,740-953-5119,5331406209126000
196,Venus,Bernasek,vbernasek5f@princeton.edu,Female,Oskarshamn,SE,7,728-823-9598,5412041658965913
197,Robin,Treece,rtreece5g@auda.org.au,Female,Amalfi,CO,7535,849-632-3661,6771125015689465258
198,Shawn,Castleton,scastleton5h@baidu.com,Female,Fendou,CN,61281,354-430-1346,374622440605862
199,Patten,Varker,pvarker5i@gnu.org,Male,Jūrmala,LV,6,862-985-6384,3570450884425522
200,Rawley,Stawell,rstawell5j@hostgator.com,Male,San Luis,CU,436,541-634-8017,3542126216498669
201,Dedie,Usherwood,dusherwood5k@cocolog-nifty.com,Female,Kladovo,RS,0,756-255-9373,3583260327001821
202,Garland,Gommey,ggommey5l@hatena.ne.jp,Female,Anzhero-Sudzhensk,RU,19,228-897-2678,56022241459731549
203,Jacob,Craker,jcraker5m@va.gov,Male,Donetsk,RU,30,381-466-6624,3567815216834572
204,Des,Sedgeman,dsedgeman5n@nydailynews.com,Male,Baima,CN,8341,857-747-1744,3553089125412237
205,Leora,Haddon,lhaddon5o@weibo.com,Female,Hongtang,CN,85129,477-681-2195,5641828180031310
206,Eldon,Seckington,eseckington5p@thetimes.co.uk,Male,Taozixi,CN,68575,140-185-5428,3582108777744393
207,Raleigh,Moreing,rmoreing5q@comsenz.com,Male,Balfour,ZA,5534,109-116-4753,3579796851267425
208,Yancy,Chuney,ychuney5r@mlb.com,Male,Carriedo,PH,89825,735-124-3720,3551922924778659
209,Emmott,Lowers,elowers5s@narod.ru,Male,Bernal,PE,7,758-975-4450,5602230224625586
210,Antoine,Labram,alabram5t@furl.net,Male,Sindangrasa,ID,26,606-229-2352,4905755920457493
211,Salvatore,Cassam,scassam5u@nps.gov,Male,Verba,PT,952,754-246-8066,3576130829552705
212,Emmery,Hurring,ehurring5v@weebly.com,Male,Napoli,IT,589,872-642-5453,6761302448427759342
213,Trude,Thring,tthring5w@wikimedia.org,Female,Mazongling,CN,97,155-840-2491,4508716937822880
214,Debera,Pennigar,dpennigar5x@weibo.com,Female,Energetik,RU,93732,592-523-3828,5602245798489854
215,Lothario,Simkin,lsimkin5y@cafepress.com,Male,Vodňany,CZ,2713,548-200-8306,3588099304265933
216,Tasia,Resdale,tresdale5z@microsoft.com,Polygender,Ballylinan,IE,10959,353-100-2184,3541161300532660
217,Jeanna,Croasdale,jcroasdale60@feedburner.com,Female,Maluno Sur,PH,415,491-399-9728,3544613062105694
218,Jolee,Beri,jberi61@youtu.be,Female,Bang Pahan,TH,2,171-173-1597,30245160680778
219,Ophelia,Sinnock,osinnock62@51.la,Female,Xinglin,CN,247,280-713-4988,633334189644705978
220,Carver,Matejka,cmatejka63@chicagotribune.com,Male,Borovany,CZ,8690,668-724-6943,4936695679752616
221,Andre,Gypps,agypps64@dyndns.org,Male,Puračić,BA,18,259-436-4632,6706189357437929717
222,Clarie,Falshaw,cfalshaw65@globo.com,Female,Malpique,PT,42222,171-658-2125,3572926841000308
223,Claudie,Schwier,cschwier66@jalbum.net,Polygender,Houxi,CN,6,562-311-6232,30212668404200
224,Aridatha,Tilbey,atilbey67@ox.ac.uk,Female,Bandar-e Māhshahr,IR,67,900-600-5484,5429295625019011
225,Juli,Kissack,jkissack68@sun.com,Polygender,Itaberaí,BR,305,870-466-4880,3572252921418124
226,Brade,McKague,bmckague69@nydailynews.com,Male,Ketara,ID,0,519-972-1225,3554909685759926
227,Fidelia,Alderson,falderson6a@gmpg.org,Female,Rongxiang,CN,09,143-238-8918,3559680301979983
228,Carmelle,Kuhlmey,ckuhlmey6b@si.edu,Female,Książ Wielkopolski,PL,645,321-601-9467,56022138282954316
229,Luz,Sasser,lsasser6c@boston.com,Female,Przelewice,PL,97,596-878-6248,3568800734234702
230,Boyce,Tongs,btongs6d@istockphoto.com,Male,Cacoal,BR,724,556-883-0055,3536991765652125
231,Kania,Owain,kowain6e@who.int,Female,Santa Cruz,PT,8,849-138-2537,3557301592523016
232,Arabele,Byford,abyford6f@hibu.com,Female,Poitiers,FR,47827,625-488-2616,5602211151513952758
233,Abba,Rankmore,arankmore6g@umich.edu,Male,Urazovka,RU,27906,425-854-0430,3566484916014257
234,Bettina,Lucien,blucien6h@independent.co.uk,Female,Shreveport,US,67,318-582-3310,5412617980096285
235,Alex,Patek,apatek6i@dailymail.co.uk,Female,San Fabian,PH,77921,168-164-2543,63041750564328986
236,Cornelle,Dryden,cdryden6j@columbia.edu,Female,Mengeš,SI,013,432-148-3949,3544130900894611
237,Wilden,Vowell,wvowell6k@eepurl.com,Male,Xinglong,CN,41,957-507-3336,6389934189704875
238,Myrilla,Pengilly,mpengilly6l@ebay.co.uk,Female,São Miguel do Guamá,BR,67765,757-730-2656,5048374457375204
239,Guntar,Drewitt,gdrewitt6m@a8.net,Male,Matiguás,NI,5,913-506-8709,376809457653152
240,Hailey,Kneale,hkneale6n@ifeng.com,Male,Tournon-sur-Rhône,FR,85,568-190-9575,6767103532187409749
241,Sheila-kathryn,Gloucester,sgloucester6o@arizona.edu,Female,La Caya,DO,76,832-348-4080,4905659430324881498
242,Grady,Greenan,ggreenan6p@mit.edu,Male,Mikhaylovka,RU,86037,387-824-0457,201990202914379
243,Agata,Krug,akrug6q@jugem.jp,Female,Chantal,HT,7,617-320-1983,3561168483677811
244,Seward,Duplock,sduplock6r@digg.com,Male,Cikalong,ID,46500,188-782-0123,5195333606282217
245,Gannie,MacRury,gmacrury6s@nyu.edu,Polygender,Lojejerkrajan,ID,0,244-714-9829,4508752521690995
246,Markus,Hofner,mhofner6t@hud.gov,Male,Tinambac,PH,20,760-950-7551,5641823459778691
247,Ivy,Le Borgne,ileborgne6u@businessinsider.com,Female,Séguéla,CI,205,383-154-4647,3542488925515831
248,Sidney,Simm,ssimm6v@ehow.com,Male,Barmash,AL,6,599-752-9455,6759329190953581
249,Lamar,Hazley,lhazley6w@devhub.com,Male,Wangzha,CN,0189,526-548-0895,6759294257463520
250,Bronson,Rickardsson,brickardsson6x@guardian.co.uk,Male,Vittel,FR,3639,562-783-1020,5038582150954552
251,Mel,Elijah,melijah6y@google.cn,Female,Pirogovo,RU,0,292-365-5389,560225953629290612
252,Bern,Drysdell,bdrysdell6z@pbs.org,Male,Dobšice,CZ,6,141-859-3708,201490705674679
253,Gun,Boncoeur,gboncoeur70@instagram.com,Male,Puerto Guzmán,CO,16,897-403-9283,5451345361094180
254,Rina,Ivanchov,rivanchov71@yandex.ru,Female,Saint-Quentin-en-Yvelines,FR,45,270-275-8751,3568675791804427
255,Flss,Simkins,fsimkins72@reference.com,Female,La Floresta,UY,65,286-989-4358,3584449469509639
256,Oliver,Skyrm,oskyrm73@google.pl,Male,As Sukhnah,SY,2,886-406-7750,3542882959287053
257,Lorine,Clink,lclink74@acquirethisname.com,Female,Vũ Quang,VN,55,792-614-8070,3583434354678526
258,Gauthier,Baggs,gbaggs75@answers.com,Genderfluid,Tul’chyn,UA,91,641-917-3064,5522038214334888
259,Lorrayne,Pennick,lpennick76@weibo.com,Female,Kitakata,JP,61081,270-726-2278,56022511508868892
260,Tisha,Bohl,tbohl77@google.nl,Female,Pekan,MY,32,850-329-8148,4917859222884861
261,Katuscha,Lynds,klynds78@amazonaws.com,Non-binary,Szelków,PL,591,605-925-9930,5452540112081804
262,Grayce,Thor,gthor79@t.co,Female,Rangah,ID,77195,503-794-3191,3529869030799336
263,Alicia,Blackbourn,ablackbourn7a@bigcartel.com,Female,Palue,ID,1124,428-139-7260,30028459020603
264,Barney,Passby,bpassby7b@stumbleupon.com,Male,Timbulsari,ID,6005,555-102-2702,201808346130753
265,Patrice,Bunce,pbunce7c@vkontakte.ru,Male,Xinshi,CN,62041,199-643-4843,3578394608089788
266,Leroi,Darrell,ldarrell7d@forbes.com,Male,Pulilan,PH,5372,301-171-7873,3573028935323743
267,Roanne,Farady,rfarady7e@berkeley.edu,Genderqueer,Santa Adélia,BR,653,140-762-0218,3543487769995843
268,Harlene,Chaffe,hchaffe7f@reddit.com,Female,Pryazovs’ke,UA,0140,322-680-1668,4508905660708552
269,Karol,Vannini,kvannini7g@hc360.com,Female,Alemanguan,PH,6,650-161-6304,5541297970852916
270,Niles,Pindred,npindred7h@ehow.com,Male,Bualu,ID,17602,338-863-8580,3553792644346683
271,Jecho,Stegers,jstegers7i@nationalgeographic.com,Male,Oeiras,PT,0338,106-733-0890,5610830974562770
272,Colet,Keggins,ckeggins7j@storify.com,Male,Kašina,HR,82,202-833-6339,3530465424547022
273,Rhianna,D'Elia,rdelia7k@sohu.com,Female,Naran Bulag,CN,1067,125-238-6229,5459852168303047
274,Les,Daborne,ldaborne7l@sourceforge.net,Male,Jinchang,CN,6,883-720-3377,5493295144039426
275,Pammy,Binley,pbinley7m@xing.com,Female,Colcabamba,PE,692,311-887-4536,4913062230770289
276,Odelinda,McCarroll,omccarroll7n@cnet.com,Female,Damnoen Saduak,TH,4,215-455-7469,4017952422046
277,Nissie,Stiddard,nstiddard7o@accuweather.com,Female,Kadyy,RU,031,151-671-0963,4017957892748
278,Roman,Phippard,rphippard7p@cbc.ca,Male,Bytkiv,UA,4,673-886-2864,30005732761542
279,Garey,Lightowler,glightowler7q@mayoclinic.com,Male,Huanghu,CN,76,126-253-6726,3570438447613502
280,Dusty,Tidridge,dtidridge7r@opensource.org,Female,Xiliu,CN,087,288-410-4933,6304869211804985623
281,Rois,Seckington,rseckington7s@chicagotribune.com,Female,Gowa,ID,58,990-528-2441,56100030050328713
282,Robby,Cotte,rcotte7t@behance.net,Male,Lapai,NG,40959,347-525-0780,491193510865125302
283,Sandy,Pallatina,spallatina7u@hugedomains.com,Female,Badeggi,NG,44307,354-282-0781,3539482538342266
284,Konstantine,Jakubovsky,kjakubovsky7v@examiner.com,Male,Mouriscas,PT,3093,722-992-7991,3557316291818574
285,Ernst,Rizzini,erizzini7w@etsy.com,Male,Qili,CN,9,764-653-5603,6759055569131992
286,Francine,Essex,fessex7x@un.org,Female,Manis Mekarwangi,ID,043,191-146-5884,4041374788955492
287,Remus,Clelland,rclelland7y@hibu.com,Male,Yangzi,CN,179,387-392-3316,4041375533929302
288,Timmie,Pyburn,tpyburn7z@theglobeandmail.com,Female,Trondheim,NO,863,836-340-1380,3561682246719348
289,Clair,Gossipin,cgossipin80@umn.edu,Female,Jidong,CN,67337,394-728-8421,201615982812085
290,Parrnell,Kitchenham,pkitchenham81@newyorker.com,Genderfluid,Araucária,BR,28,861-434-6236,67716912755856242
291,Charity,Hammett,chammett82@ca.gov,Female,Arcos,BR,89916,819-758-5537,3573493515286738
292,Dorree,Willoughway,dwilloughway83@marriott.com,Female,Jepat Kidul,ID,37036,787-956-0801,3580379751748765
293,Crawford,Barfitt,cbarfitt84@paypal.com,Male,Poste de Flacq,MU,67,937-350-9850,201942870525227
294,Parsifal,McCluin,pmccluin85@taobao.com,Male,Gangou,CN,73,661-428-4747,3571518988250431
295,Gothart,Newtown,gnewtown86@scientificamerican.com,Male,Kérkyra,GR,9,454-110-1376,3547192959926162
296,Bobbie,Worcester,bworcester87@yale.edu,Male,Corredoura,PT,011,126-109-7479,56105282055931844
297,Berkeley,Zanotti,bzanotti88@topsy.com,Male,Ciputat,ID,4,469-961-8590,4905930502015912575
298,Becky,McKendo,bmckendo89@storify.com,Female,Yandev,NG,10882,795-714-6968,4913585417410840
299,Nathalia,O'Cuddie,nocuddie8a@bluehost.com,Non-binary,Baratã,PT,274,691-995-5762,675932991103587467
300,Ringo,Boodell,rboodell8b@rediff.com,Male,Siedliska,PL,4942,193-743-5859,5163980298533725
301,Modestine,Davoren,mdavoren8c@google.pl,Female,Otra Banda,DO,999,207-343-4579,337941326176467
302,Dorthea,Tellenbrook,dtellenbrook8d@oakley.com,Female,Arneiro,PT,08,954-702-9933,337941120416242
303,Jarrid,Gammell,jgammell8e@tmall.com,Male,Jablonec nad Jizerou,CZ,40,453-869-5540,6771378636255808
304,Forrest,Dahlbom,fdahlbom8f@uol.com.br,Male,Basail,AR,683,168-175-0855,3544193869520890
305,Olivier,Larose,olarose8g@blinklist.com,Male,Sokhumi,GE,51,196-246-1528,3584619835576112
306,Winifield,Arpino,warpino8h@gmpg.org,Male,Mališevo,XK,1435,562-222-1617,633351465827087378
307,Emerson,Tumilson,etumilson8i@foxnews.com,Male,Yekaterinovka,RU,510,494-961-6989,4913112204410782
308,Ernesto,Naulty,enaulty8j@washingtonpost.com,Male,Hanušovice,CZ,47814,436-988-3140,5147726185158717
309,Modesty,Hawlgarth,mhawlgarth8k@engadget.com,Bigender,Loyew,BY,866,598-161-5766,3537821184756513
310,Marylinda,Murford,mmurford8l@accuweather.com,Female,Marcala,HN,382,210-774-6520,6761767728495268
311,Shirl,Peirson,speirson8m@nature.com,Female,Aozai,CN,59,401-883-2185,3531815138568988
312,Berny,Cunio,bcunio8n@yellowbook.com,Male,Rēzekne,LV,1586,642-444-8141,378920187208460
313,Kirk,Adamsky,kadamsky8o@qq.com,Male,Issy-les-Moulineaux,FR,5537,556-296-9848,6759179904153270254
314,Tabbi,Shale,tshale8p@ucla.edu,Female,Pueblo Nuevo,MX,4,714-222-8183,3533887942726381
315,Gerri,Yakebovich,gyakebovich8q@angelfire.com,Male,Moshenskoye,RU,42069,895-951-2698,3586935444167046
316,Nestor,Michal,nmichal8r@mtv.com,Male,Shimen,CN,788,740-806-1876,3571167858948110
317,Kahlil,Stutely,kstutely8s@toplist.cz,Male,Kauniainen,FI,54,625-709-8210,4917147516975375
318,Kara-lynn,Heeran,kheeran8t@soundcloud.com,Female,Manique de Baixo,PT,58,196-693-2847,5602211647705262
319,Cosmo,Sunderland,csunderland8u@rambler.ru,Male,Kesamben,ID,25,977-422-4666,6304215199759022
320,Derril,Tidball,dtidball8v@themeforest.net,Male,Örebro,SE,29533,404-991-7484,3563312987765247
321,Maude,Castelletti,mcastelletti8w@vk.com,Female,Cergy-Pontoise,FR,21810,127-767-5120,3571774850457006
322,Carmelia,Schiefersten,cschiefersten8x@blogspot.com,Female,Komatsu,JP,56051,624-823-9297,3568745075560324
323,Niel,Adderson,nadderson8y@netscape.com,Male,Al Khushnīyah,SY,1,511-326-8899,4026530276067947
324,Valerie,Liggons,vliggons8z@cafepress.com,Polygender,Xinglong,CN,20,377-448-8625,5610829814378447
325,Dana,Angrove,dangrove90@freewebs.com,Male,São Félix do Xingu,BR,1671,727-984-3364,3544361303403300
326,Tann,Boutell,tboutell91@guardian.co.uk,Male,Al Khamīs,YE,7,683-432-8448,5602216519789195
327,Nanice,Cowie,ncowie92@techcrunch.com,Female,Hejiabao,CN,9,872-577-7268,3544188810219311
328,Maudie,Gullifant,mgullifant93@cmu.edu,Female,Elbasan,AL,82,474-260-1984,6771373503971868
329,Moyra,Caspell,mcaspell94@nhs.uk,Female,Sal’sk,RU,2,431-245-1440,201899089340766
330,Vanni,Cater,vcater95@sina.com.cn,Female,Paris 14,FR,27,159-107-2398,5602222570107038
331,Delinda,Asey,dasey96@devhub.com,Female,Garies,ZA,0,216-670-4476,3545696524980001
332,Dalston,Barrabeale,dbarrabeale97@cisco.com,Male,Beauharnois,CA,34604,597-368-1292,3576636980486962
333,Tamiko,Zupo,tzupo98@illinois.edu,Female,Waepau,ID,97841,813-294-3294,493654064618996872
334,Curtis,Groombridge,cgroombridge99@wufoo.com,Genderfluid,Velingrad,BG,207,730-977-0819,3570099916672716
335,Debbi,Crepel,dcrepel9a@nature.com,Female,Cidadap,ID,7148,313-360-9439,6761038401033887
336,Ewell,Skivington,eskivington9b@zdnet.com,Male,Shuitai,CN,698,447-476-8903,3564982285390036
337,Cinda,Charnick,ccharnick9c@list-manage.com,Female,Quanyang,CN,7,882-592-1277,4041599821440546
338,Leonore,Ennever,lennever9d@lulu.com,Female,Kugesi,RU,876,899-640-1115,5576419148218766
339,Paul,Keynes,pkeynes9e@webs.com,Male,Detupia,ID,1090,176-539-2732,3546655084630066
340,Wolf,Warnock,wwarnock9f@independent.co.uk,Male,Ust’ye,RU,70958,230-859-1068,3533989065715264
341,Corilla,Toman,ctoman9g@un.org,Female,Kahama,TZ,53657,757-940-0096,3541510311822249
342,Sid,Buncom,sbuncom9h@state.gov,Male,Piritiba,BR,1,819-173-7941,4508464746330916
343,Hyatt,Virgoe,hvirgoe9i@google.fr,Genderfluid,Kasugai,JP,1,518-262-1148,5100130237287142
344,Ardine,Lavender,alavender9j@constantcontact.com,Female,Shapaja,PE,61971,219-404-3178,676777908856745031
345,Carma,Vawton,cvawton9k@freewebs.com,Female,Dodoma,TZ,84875,398-335-5570,4175001541333729
346,Filip,Hardwick,fhardwick9l@diigo.com,Male,Buenavista,MX,5,250-684-4491,3532976800330435
347,Waldemar,Belitz,wbelitz9m@github.io,Male,Xinlong,CN,10,970-311-8832,3558253244514605
348,Julita,Mitchel,jmitchel9n@rediff.com,Female,Luqiao,CN,7234,445-281-3013,4508954431361598
349,Axe,Leisman,aleisman9o@buzzfeed.com,Male,Tamansari,ID,59,742-115-0001,3584565721067718
350,Tiler,Dupoy,tdupoy9p@who.int,Male,Hengpi,CN,1667,734-285-0969,3571136459692211
351,Lodovico,Mewton,lmewton9q@cnbc.com,Bigender,Česká Skalice,CZ,0,359-453-1848,30253306088443
352,Ameline,Spreckley,aspreckley9r@google.com,Female,Loreto,AR,601,239-871-3419,5602211432797268
353,Melany,Drance,mdrance9s@discuz.net,Female,Shilovo,RU,64,646-237-2372,3589550989273161
354,Courtney,Obey,cobey9t@cbc.ca,Polygender,Kilifi,KE,665,495-343-7689,30370205540363
355,Munmro,Pedlow,mpedlow9u@columbia.edu,Polygender,Aydūn,JO,7,530-279-8936,3552943959990315
356,Allard,Pasquale,apasquale9v@wp.com,Male,Williamsfield,JM,1,474-397-7448,0604714285308379521
357,Brier,Deniske,bdeniske9w@psu.edu,Female,Patambuco,PE,2600,642-713-6441,676300656634211216
358,Trenton,Abbots,tabbots9x@phoca.cz,Male,Vila Viçosa,PT,8157,488-819-5498,3538093877703041
359,Bertine,Carnier,bcarnier9y@twitter.com,Female,Khorramābād,IR,09,429-982-1244,3565352923045351
360,Mohandas,Casetti,mcasetti9z@google.co.uk,Male,Cilolohan,ID,666,160-799-1012,3541945924005123
361,Rolfe,Dran,rdrana0@irs.gov,Male,Tajike’abati,CN,9,963-390-9729,374622678019166
362,Roselia,Goldstein,rgoldsteina1@reddit.com,Female,Rudna,PL,22,694-208-9897,3550739049125165
363,Rosemary,Russilll,rrussillla2@unesco.org,Female,Santa Maria,BR,229,687-480-5883,490387220831232186
364,Traci,Bartrop,tbartropa3@yale.edu,Female,Caluya,PH,353,997-956-8487,3576083184413866
365,Seumas,Ogborn,sogborna4@delicious.com,Male,Bulag,MN,3020,297-239-7924,3571393025165806
366,Collete,Chinnock,cchinnocka5@sina.com.cn,Female,Luorong,CN,085,881-651-5679,4844316095158871
367,Keene,Hemphrey,khemphreya6@admin.ch,Male,Doujia,CN,87,985-769-9826,3543162696236419
368,Vanda,Porson,vporsona7@bloomberg.com,Non-binary,Kanye,BW,47,434-115-5259,3541584606732363
369,Janine,Corrison,jcorrisona8@deliciousdays.com,Female,Kvänum,SE,0206,698-723-0109,6304983027413837067
370,Cyndi,Heinecke,cheineckea9@sfgate.com,Female,Watthana Nakhon,TH,431,935-175-8497,5610260427628616
371,Gabby,Bennellick,gbennellickaa@taobao.com,Male,Örebro,SE,62,283-176-4397,5602238229606121
372,Adele,Grollmann,agrollmannab@ocn.ne.jp,Female,Perené,PE,65110,161-198-3134,5610951961012064
373,Oona,Sillars,osillarsac@samsung.com,Female,Sé,PT,5,602-211-1190,5602254489040323
374,Yancey,Gammet,ygammetad@reddit.com,Male,Kamenka,RU,81402,486-716-1245,5100172251153966
375,Stefano,Roscrigg,sroscriggae@taobao.com,Male,Vareiá,GR,8,680-355-0494,5561148422607579
376,Adolpho,Gair,agairaf@live.com,Male,Nova Iguaçu,BR,5081,727-318-6885,4844760943874595
377,Ardyce,Jeune,ajeuneag@cbsnews.com,Female,Donglu,CN,7658,807-494-7516,3532024762152545
378,Jennilee,Doick,jdoickah@devhub.com,Female,Lebedyn,UA,6,525-766-2339,3583362634862059
379,Sheri,Merigon,smerigonai@mac.com,Female,Jenesano,CO,75385,141-999-6753,5641821084449861688
380,Anette,Zaczek,azaczekaj@ox.ac.uk,Female,Manzil Bū Zalafah,TN,971,393-394-3441,30001705439257
381,Kennan,Fordyce,kfordyceak@tmall.com,Male,Zubtsov,RU,17076,742-415-3579,3542851791354983
382,Delinda,Creedland,dcreedlandal@live.com,Female,Nepomuceno,BR,9,354-773-6374,4936718076543121
383,Rene,Tettersell,rtettersellam@chronoengine.com,Female,Pancheng,CN,53,867-849-8831,30559218601143
384,Wolfgang,Niccolls,wniccollsan@weibo.com,Male,Vila Nova,PT,5,263-673-5789,5263594364229263
385,Gates,Chaplain,gchaplainao@oakley.com,Female,Nizhniy Bestyakh,RU,91954,773-234-3324,5214812043403665
386,Hashim,Maurice,hmauriceap@stanford.edu,Male,Gangnan,CN,3,456-871-3041,3528124921112319
387,Gerianna,Banasevich,gbanasevichaq@wp.com,Female,Juan Santiago,DO,79,331-736-2677,3534824628720254
388,Alanna,Belhome,abelhomear@pcworld.com,Female,Hachinohe,JP,57,358-614-7921,3565382316775496
389,Shamus,Rolph,srolphas@cyberchimps.com,Male,Xushangqiao,CN,711,477-456-7458,50386358684273544
390,Stanley,Peschka,speschkaat@w3.org,Male,Hova,SE,85,462-656-6943,3552792335068951
391,Reese,Laphorn,rlaphornau@jiathis.com,Male,Bello,CO,0,776-311-4194,3532361668862052
392,Meris,Spriddle,mspriddleav@nbcnews.com,Female,Bombardopolis,HT,40,308-508-6642,3545188574461355
393,Wyatt,Sandbrook,wsandbrookaw@blog.com,Male,Kurmuk,SD,082,766-368-0335,4844495038531830
394,Portia,Ogger,poggerax@psu.edu,Female,Raymond,CA,58,829-905-2725,4405077343228525
395,Zaccaria,Jaskowicz,zjaskowiczay@nps.gov,Male,Pacajus,BR,0605,834-353-6934,5172514243079085
396,Jacki,Juanico,jjuanicoaz@1und1.de,Female,Baishuiyang,CN,41974,766-194-8024,36986879010989
397,Brandice,Pennetti,bpennettib0@nydailynews.com,Female,Toulouse,FR,52673,929-295-2508,3568581974055508
398,Madelle,Scyner,mscynerb1@theguardian.com,Female,Setono,ID,53275,341-549-1143,5144453229404840
399,Eve,McNelis,emcnelisb2@google.ca,Female,Shah Alam,MY,8,612-105-9782,5610007907853908143
400,Arther,Frugier,afrugierb3@boston.com,Male,Zhujiang,CN,31798,109-148-4784,201915372404919
401,Bond,Warburton,bwarburtonb4@360.cn,Male,Olyshivka,UA,46254,736-898-2071,3576436859296190
402,Chelsy,McEvoy,cmcevoyb5@networksolutions.com,Bigender,Emiliano Zapata,MX,00067,252-689-5881,3570671844374373
403,Pierette,Tether,ptetherb6@squidoo.com,Female,Barra de Carrasco,UY,61,683-728-8486,5602257709125477
404,Abra,Bugby,abugbyb7@mlb.com,Genderqueer,Prupuh,ID,4061,718-754-5906,4041595680945708
405,Delainey,Garnul,dgarnulb8@wikia.com,Male,Rostov,RU,692,531-990-8368,5137579979371760
406,Franchot,Caughtry,fcaughtryb9@liveinternet.ru,Male,Bilje,SI,39097,185-926-9956,3535360470021557
407,Alie,Goundrill,agoundrillba@vinaora.com,Female,La Esperanza,CO,65,654-750-0588,3586079661571125
408,Kristofor,Casseldine,kcasseldinebb@mozilla.com,Male,Libas,PH,7832,516-140-0040,3587134879025403
409,Leonardo,Blackstock,lblackstockbc@discovery.com,Male,Cabean,ID,86810,503-933-2562,4175002411648535
410,Seward,Woodland,swoodlandbd@howstuffworks.com,Male,Daliyuan,CN,4679,248-547-5198,560224997788513141
411,Alleyn,Goney,agoneybe@wix.com,Male,Frankfort,US,3,502-744-0841,3556572302227392
412,Bat,Fiddian,bfiddianbf@themeforest.net,Male,Baizhang,CN,3,321-174-1317,3531244955621491
413,Graham,Carlyon,gcarlyonbg@wikimedia.org,Male,Gendiwu,ID,60,677-466-9323,58933054388769744
414,Jacob,Highton,jhightonbh@loc.gov,Male,Jinanten,ID,355,849-130-8152,5602244816979376
415,Fowler,Dewberry,fdewberrybi@google.com.hk,Male,Mairiporã,BR,34318,216-492-3408,3579461721087293
416,Salome,Bullers,sbullersbj@hexun.com,Female,Dhanot,PK,579,188-280-5867,6399241993386750
417,Juana,Dunphie,jdunphiebk@cam.ac.uk,Female,Benešov,CZ,74758,882-791-3251,5298496170970586
418,Greta,Massot,gmassotbl@nymag.com,Female,Flagstaff,ZA,98,232-592-8454,3581046461809588
419,Arlee,McCoish,amccoishbm@irs.gov,Female,Omuo-Ekiti,NG,73987,791-844-9353,3540660507934349
420,Frederick,Morl,fmorlbn@utexas.edu,Male,Uberaba,BR,38445,110-586-6057,5100146137918115
421,Sindee,Nottram,snottrambo@reuters.com,Female,Tuanlin,CN,6255,439-260-3630,3542384930532996
422,Margarete,Dungey,mdungeybp@sun.com,Female,Amuru,UG,67,937-809-9104,5010122673160163
423,Brewer,Doggerell,bdoggerellbq@blinklist.com,Male,Jōetsu,JP,08432,928-334-7448,4905781311008745
424,Baily,Chapleo,bchapleobr@myspace.com,Male,Blagoevgrad,BG,20707,799-657-6038,3547131799643520
425,Aida,Portwaine,aportwainebs@newsvine.com,Female,Palmas de Monte Alto,BR,29879,899-913-7213,5100144737279665
426,Vaughan,Sima,vsimabt@cafepress.com,Male,Várzea,PT,6,216-632-7343,5610779252255832690
427,Rheta,Scallan,rscallanbu@webnode.com,Female,San Diego,US,6,949-325-8273,5602222636406663
428,Eamon,Deegan,edeeganbv@pbs.org,Male,Molinos,AR,71575,910-487-7434,3585648942795587
429,Tommie,Standish,tstandishbw@jimdo.com,Female,Korkino,RU,1369,338-130-8395,6767884714910116404
430,Burgess,Rooze,broozebx@twitter.com,Male,Belén,UY,01,709-278-2117,4175000385132916
431,Ninnette,McGowing,nmcgowingby@jiathis.com,Female,Ciracap,ID,947,687-821-6527,5545693402615309
432,Glenn,Godbolt,ggodboltbz@buzzfeed.com,Male,Fasi,CN,1,569-515-0704,6370506427075143
433,Rickard,Nussey,rnusseyc0@imgur.com,Male,Feitoria,PT,734,221-760-2016,3582857999923298
434,Jonathon,Melpuss,jmelpussc1@accuweather.com,Male,Strängnäs,SE,1300,862-823-1292,3540732638360239
435,Brittani,Fogt,bfogtc2@usnews.com,Non-binary,Khodzha-Maston,TJ,6,921-548-0106,30489493122914
436,Cornelius,Grass,cgrassc3@slashdot.org,Male,Wangshi,CN,5,469-583-3412,4405620226199857
437,Malchy,Bartomieu,mbartomieuc4@nature.com,Male,Tambakrejo,ID,91766,751-752-7918,4917888050260563
438,Marquita,Bettlestone,mbettlestonec5@cpanel.net,Non-binary,Tamana,JP,2,706-580-4550,3538001176569377
439,Roy,Barense,rbarensec6@google.com,Male,Qixing,CN,4730,814-957-3318,3582101900578614
440,Kakalina,Worledge,kworledgec7@ft.com,Female,Perre,PT,09576,723-873-6412,5610400991917512
441,Flint,Couser,fcouserc8@infoseek.co.jp,Male,Le Mans,FR,80493,710-641-4090,3583753335976307
442,Joceline,Breitling,jbreitlingc9@eventbrite.com,Genderfluid,Jibu Hulangtu,CN,5738,499-338-6692,3539383239090719
443,Kurt,Kolodziej,kkolodziejca@bloglines.com,Male,Cipatat,ID,33,700-342-2456,6761455041129521
444,Ring,Fittall,rfittallcb@nasa.gov,Bigender,Douarnenez,FR,85,704-617-3316,36854640053953
445,Wayland,Dibsdale,wdibsdalecc@ask.com,Male,Kitamilo,UG,444,671-292-6561,3557578179774704
446,Elbertina,Lafont,elafontcd@indiegogo.com,Genderqueer,Stari Grad,HR,88986,192-171-3857,3582563552821404
447,Jazmin,Ubee,jubeece@amazon.de,Female,Rio de Moinhos,PT,034,206-249-8140,5523456397785206
448,Gabriel,Biesterfeld,gbiesterfeldcf@wp.com,Male,San Vicente de Bique,PA,90040,390-538-2456,30543773593531
449,Stacie,Beavan,sbeavancg@ask.com,Female,Vodstroy,RU,45206,534-950-1107,4903736838582478462
450,Ave,Manwell,amanwellch@ed.gov,Male,Sida,TH,70,129-734-6825,6304506802235868831
451,Fifine,Hastie,fhastieci@cargocollective.com,Female,Angered,SE,54,701-484-4429,5602220683825942
452,Mace,Burhill,mburhillcj@ted.com,Male,Tunbao,CN,871,709-211-6389,201821670963210
453,Marline,Aysh,mayshck@miibeian.gov.cn,Female,Yenakiyeve,UA,7,186-883-4404,5007669585277985
454,Hazel,Maro,hmarocl@hugedomains.com,Male,Makariv,UA,5425,411-536-0249,50208463172157179
455,Haskel,Rocca,hroccacm@weebly.com,Male,Nazareth,IL,18,888-917-5855,5602222065047590
456,Dix,Whyatt,dwhyattcn@wunderground.com,Female,Pedro Betancourt,CU,869,878-775-8337,3575076388767187
457,Lind,Marvell,lmarvellco@addtoany.com,Male,Krásná Lípa,CZ,481,600-851-1077,3583772071131737
458,Araldo,Deluce,adelucecp@blogtalkradio.com,Male,Ulaan Khat,MN,3,410-976-6098,3582260717383905
459,Drona,Khotler,dkhotlercq@woothemes.com,Female,Susuman,RU,4,896-780-3493,4026179129759407
460,Grier,Mordaunt,gmordauntcr@lulu.com,Female,Cigintung,ID,689,462-906-5205,6767343818388476
461,Yulma,De Filippi,ydefilippics@nationalgeographic.com,Male,Runsonglaozhai,CN,0,279-188-9245,36440165176898
462,Gavra,Batalini,gbatalinict@pbs.org,Female,Asarum,SE,7,293-120-9429,201818597671645
463,Cart,Malt,cmaltcu@sitemeter.com,Genderqueer,Langchi,CN,2,962-950-3568,5436534548711929
464,Erminia,McKee,emckeecv@who.int,Female,Batutulis,ID,0120,654-965-2188,5311839953630278
465,Aila,Reignolds,areignoldscw@flickr.com,Female,Mbandjok,CM,12,406-283-2918,3565481729280209
466,Sawyere,Trinkwon,strinkwoncx@stumbleupon.com,Male,Ponta do Sol,CV,37224,688-270-4041,589382675296664187
467,Jemie,Hainsworth,jhainsworthcy@ed.gov,Female,Gambo,CF,5327,483-419-6817,3531780077960614
468,Maurie,Oakden,moakdencz@yelp.com,Male,Toužim,CZ,50106,966-248-8178,201901598033682
469,Hakim,Vasyutichev,hvasyutichevd0@yahoo.co.jp,Male,Songjiang,CN,837,705-282-5982,4508194407986686
470,Della,Bedinham,dbedinhamd1@sohu.com,Female,Tambov,RU,5,508-955-2144,5610828845896010237
471,Eddie,Bulward,ebulwardd2@joomla.org,Agender,Kendal,ID,9349,626-179-4046,3552451766978465
472,Regen,Bjorkan,rbjorkand3@fda.gov,Male,Chipyela,MW,46249,600-253-6786,4917078465420693
473,Karna,Ferretti,kferrettid4@unc.edu,Female,Kilimatinde,TZ,25,665-615-0313,56022291789831428
474,Aldin,Vian,aviand5@pen.io,Male,Samborondón,EC,37670,308-330-6184,3570446390874443
475,Garek,Bryson,gbrysond6@dot.gov,Male,Jiahe,CN,09,947-620-3562,3586063310528686
476,Garvey,Tapley,gtapleyd7@simplemachines.org,Male,Mircze,PL,2433,824-998-3892,3551870311057569
477,Fletcher,Basso,fbassod8@ucoz.ru,Male,Beijós,PT,5614,656-404-2722,3563416568192679
478,Moritz,Chettle,mchettled9@theguardian.com,Male,Nakkila,FI,218,691-728-6851,3550532914470083
479,Katey,Hallgate,khallgateda@wikimedia.org,Female,Zhoutian,CN,8,302-449-4908,5602228026204865
480,Alethea,Mulhall,amulhalldb@google.co.jp,Female,Bayeman,ID,54125,449-582-4986,30449486035655
481,Gan,Michell,gmichelldc@wikia.com,Male,Bente,ID,0833,534-181-1354,3544444359643191
482,Alonso,Brakespear,abrakespeardd@is.gd,Male,Porto Alegre,BR,299,876-564-6999,3581204286930655
483,Olly,Stanex,ostanexde@vistaprint.com,Male,Guijalo,PH,6,622-989-1313,3546955947276069
484,Rebbecca,Fortune,rfortunedf@bandcamp.com,Female,Zapolyarnyy,RU,88,684-730-2875,5100140068802935
485,Sid,Macken,smackendg@abc.net.au,Male,Itsandra,KM,32,623-533-7130,5018137201044204854
486,Cthrine,Woodyer,cwoodyerdh@printfriendly.com,Female,Bestala,ID,8187,640-946-3405,4917606363451939
487,Juliana,Smallcomb,jsmallcombdi@blogger.com,Female,Singosari,ID,5,604-727-3269,201580245422199
488,Mirna,Lesley,mlesleydj@arizona.edu,Female,Blumbang,ID,30210,505-976-9230,3566263274419666
489,Allie,Bryce,abrycedk@gnu.org,Male,Almelo,NL,033,595-984-2014,3582589060164169
490,Templeton,Rooney,trooneydl@tinypic.com,Male,Akita Shi,JP,7670,920-561-4799,201888348243002
491,Helena,Dyson,hdysondm@xinhuanet.com,Agender,Villa Serrano,BO,9,790-814-3936,3559479542160150
492,Axe,Chatteris,achatterisdn@github.com,Male,Marneuli,GE,9,985-134-1699,56022521861657253
493,Baryram,Stiffkins,bstiffkinsdo@seesaa.net,Male,Karangtengah,ID,8751,857-745-1448,4844727810136424
494,Kamilah,Cristofvao,kcristofvaodp@blogger.com,Female,Mosteiro,PT,540,808-159-8918,3530128461264949
495,Morgen,Ashforth,mashforthdq@state.tx.us,Male,Qiongshan,CN,7017,112-371-2487,3583610948392555
496,Alejandrina,Grigoriscu,agrigoriscudr@samsung.com,Female,Shuiyin,CN,6712,275-882-5831,5602237822419495007
497,Devi,Leppingwell,dleppingwellds@behance.net,Female,Sukadana,ID,67194,834-595-8267,5267954369530097
498,Drusilla,Labon,dlabondt@w3.org,Female,General Lavalle,AR,86872,739-483-4614,201814934391609
499,Urbano,Nottingam,unottingamdu@tiny.cc,Male,Wangjiang,CN,0,158-929-7043,3556761779972073
500,Donny,Mackie,dmackiedv@ucla.edu,Male,Al Jumaylīyah,QA,2,119-750-4401,4041599248377966
501,Luce,Zimmermanns,lzimmermannsdw@sphinn.com,Female,Nacka,SE,73509,775-893-5423,3559825801375329
502,Anderea,Kilmary,akilmarydx@adobe.com,Female,Batutua,ID,7,609-518-2246,3561345655789133
503,Hedvige,Tapply,htapplydy@sourceforge.net,Female,Lambangan Kulon,ID,9848,624-925-5258,50389204624949339
504,Gerrard,Coston,gcostondz@gizmodo.com,Male,Cortiçóis,PT,3411,473-705-3803,6759316757319124
505,Brade,Roon,broone0@nps.gov,Male,Fengxizhai,CN,408,650-851-9408,3588709063435101
506,Mimi,Pragnall,mpragnalle1@gnu.org,Female,Tuapse,RU,2408,488-702-1719,374283915731806
507,Yuri,Twentyman,ytwentymane2@linkedin.com,Male,Zhentou,CN,020,675-223-9052,3549017132242005
508,Juan,Crigin,jcrigine3@github.io,Male,Xieshui,CN,6715,812-159-2303,3565578697105738
509,Benn,Geldart,bgeldarte4@bigcartel.com,Male,Uhryniv,UA,824,602-416-7274,3531398490262797
510,Barnie,Gilogly,bgiloglye5@nasa.gov,Bigender,Xinglongjie,CN,4357,654-453-8974,3541143813113162
511,Hans,Reignard,hreignarde6@wp.com,Male,Tamandaré,BR,3636,694-930-8486,3535015544476779
512,Panchito,Hissie,phissiee7@live.com,Male,Sumberjati,ID,58490,948-512-8707,5100141633032966
513,Sol,Ruddock,sruddocke8@patch.com,Male,Trnovlje pri Celju,SI,24,663-782-9483,5582674919095437
514,Jeddy,Rushby,jrushbye9@sakura.ne.jp,Male,Sopo,ID,97474,626-179-9500,5893677215689948
515,Perl,Strut,pstrutea@imageshack.us,Female,Ash Shiḩr,YE,69,922-615-2830,4913323848349381
516,Anna-diane,Agett,aagetteb@usa.gov,Female,Morelos,MX,1910,516-306-2669,3539441316818624
517,Fabian,Rosell,frosellec@photobucket.com,Male,Satuek,TH,517,356-977-5269,3582297113927935
518,Nelson,Gisburn,ngisburned@cdc.gov,Polygender,Nay Pyi Taw,MM,2,985-474-2220,3529120391851096
519,Evangelin,Connechie,econnechieee@ucoz.com,Female,Guacara,VE,4,469-416-0740,3567672464139893
520,Renell,Tallquist,rtallquistef@china.com.cn,Female,Pacapausa,PE,05328,233-810-6217,374622898692891
521,Jacinthe,Mottershaw,jmottershaweg@usgs.gov,Female,Jajce,BA,772,169-285-7786,3569128957009208
522,Benjamin,Brigge,bbriggeeh@nps.gov,Male,Vozuća,BA,826,980-430-0162,5602235631043070595
523,Georgianne,McNulty,gmcnultyei@drupal.org,Female,Laba Goumen,CN,623,981-866-2517,3589846173522730
524,Mead,Ralestone,mralestoneej@about.com,Male,Eldoret,KE,76398,299-349-8179,6304375360071899376
525,Valerye,Lebourn,vlebournek@phpbb.com,Female,Rucheng Chengguanzhen,CN,969,650-716-6400,3569111144513787
526,Pansy,Yapp,pyappel@blogspot.com,Female,Leones,AR,9,565-287-2529,3530917683186892
527,Easter,Zeplin,ezeplinem@youku.com,Female,Mandor,ID,413,262-130-3465,3554275348540842
528,Janeczka,Bullers,jbullersen@mapy.cz,Polygender,Turnišče,SI,36,162-338-5522,5108759831821930
529,Nefen,Scamal,nscamaleo@newsvine.com,Male,Madan,ID,9,412-927-4478,5100135546711781
530,Lissie,Gally,lgallyep@usatoday.com,Female,Grabovci,HR,97,426-337-0745,3551143759954212
531,Chrystel,Deighan,cdeighaneq@cbsnews.com,Female,Yinhe,CN,971,362-539-3684,4041598071421891
532,Grethel,Whetnell,gwhetneller@upenn.edu,Female,Sukorejo,ID,203,882-868-9143,3581753738312342
533,Kelly,Pendrid,kpendrides@goo.gl,Male,Ciudad Darío,NI,7,561-392-1536,6333516114466407439
534,Gawen,Boon,gboonet@artisteer.com,Male,Staten Island,US,77430,914-476-2228,3537661070071795
535,Elmo,Catanheira,ecatanheiraeu@about.com,Male,Puteaux,FR,22,710-127-4447,3561348923464406
536,Jody,Paulack,jpaulackev@ft.com,Female,Kefar Shemaryahu,IL,188,674-701-7811,374288475429683
537,Celia,Pinar,cpinarew@mit.edu,Female,Alfenas,BR,89,965-576-3991,67097170004153262
538,Pietra,Spellacey,pspellaceyex@fema.gov,Female,Senador Canedo,BR,7,100-397-0655,4913287329149158
539,Coletta,Miroy,cmiroyey@si.edu,Female,Kujang-ŭp,KP,4,520-263-4678,5641823220977242
540,Orsa,Husband,ohusbandez@devhub.com,Female,Sangba,CN,6,842-748-2102,3528886579912196
541,Sena,Wigfield,swigfieldf0@upenn.edu,Genderfluid,Risaralda,CO,09,651-144-1701,201582856720473
542,Tamara,Larvin,tlarvinf1@github.io,Female,Mashui,CN,95,581-938-1199,630410439417873740
543,Erskine,Grove,egrovef2@deviantart.com,Male,Kalývia,GR,365,496-423-4562,30053701522859
544,Dulcine,Salamon,dsalamonf3@cam.ac.uk,Female,Fonte da Vaca,PT,80398,427-561-7367,3530352541087571
545,Brigitta,Tomeo,btomeof4@clickbank.net,Female,Kaesŏng,KP,8794,925-115-5794,5602249227817297
546,Charlie,Yantsurev,cyantsurevf5@icio.us,Male,Kamiichi,JP,2,785-474-9530,490399523246355476
547,Page,Wheeliker,pwheelikerf6@reference.com,Genderqueer,Punākha,BT,6431,509-870-7141,3578604454763678
548,Gibby,Nicholes,gnicholesf7@eepurl.com,Non-binary,Tarumizu,JP,2262,796-782-4340,5602210809456144
549,Jana,Fantone,jfantonef8@gmpg.org,Female,Yongle,CN,5,430-758-5161,3552739478668857
550,Davida,Maleney,dmaleneyf9@fda.gov,Female,A-da-Gorda,PT,756,487-655-8311,201445081650065
551,Penny,Tregidgo,ptregidgofa@lulu.com,Female,Lubuk Sikaping,ID,23909,481-477-2109,3570580925350667
552,Alleyn,Deem,adeemfb@csmonitor.com,Male,Nosy Varika,MG,9801,333-833-7211,4026925517865481
553,Gail,Santen,gsantenfc@sphinn.com,Bigender,Stockton,US,4,209-567-5027,6763416567797750
554,Hernando,Kuzemka,hkuzemkafd@google.nl,Male,Oslo,NO,15178,733-582-2890,4844599718045753
555,Delmore,Gianneschi,dgianneschife@dedecms.com,Male,Młynary,PL,39,177-681-7190,3558091379807067
556,Marv,Goschalk,mgoschalkff@nasa.gov,Non-binary,Horqueta,PY,44984,551-813-8590,3573966948202596
557,Andy,Lodovichi,alodovichifg@nyu.edu,Female,Orito,CO,68469,997-517-9425,3550885932105093
558,Blinni,Zaniolini,bzaniolinifh@trellian.com,Female,Ресен,MK,03,318-300-8712,30599925208386
559,Aura,Chichgar,achichgarfi@google.co.jp,Female,Zaïo,MA,71200,239-744-6212,30471133813813
560,Nelson,Blaycock,nblaycockfj@shinystat.com,Male,Uyutne,UA,92,413-558-1059,5100136894971233
561,Tammy,Rojel,trojelfk@berkeley.edu,Male,Salon-de-Provence,FR,8,639-341-9264,3549975992661822
562,Gustavo,Diver,gdiverfl@japanpost.jp,Male,Wichita,US,122,316-442-7483,3544853238998255
563,Alexandrina,Lillie,alilliefm@shop-pro.jp,Female,Tuxi,CN,732,871-989-7420,3528144784296561
564,Iorgo,Minall,iminallfn@twitter.com,Male,Indianapolis,US,32022,317-132-0933,374622074700039
565,Lionello,Bleything,lbleythingfo@dyndns.org,Male,Lubowidz,PL,0509,721-445-1656,201423793547507
566,Joan,Haldin,jhaldinfp@ucoz.ru,Bigender,Nyala,SD,00908,377-942-3342,670631197528942155
567,Ogdan,Abrahami,oabrahamifq@nymag.com,Male,Mizdah,LY,6216,126-535-2482,5007664624427212
568,Athene,Brumpton,abrumptonfr@businessweek.com,Female,Ubaté,CO,24554,275-277-7235,0604508583728051567
569,Amory,Ionn,aionnfs@stanford.edu,Male,Allen,PH,6,610-468-1682,3542936167499114
570,Jorgan,Rickardsson,jrickardssonft@mozilla.com,Male,Changbu,CN,53,217-438-4834,30508083353678
571,Mersey,McCaughen,mmccaughenfu@mit.edu,Female,Jinjiang,CN,4,852-176-2376,5602251005738828
572,Bird,Blumfield,bblumfieldfv@wikipedia.org,Female,Xinglong,CN,735,432-221-1415,6304601872120473264
573,Carroll,Ornils,cornilsfw@fotki.com,Male,Zhudian,CN,5,239-416-1737,3532577281756534
574,Yvor,Gorger,ygorgerfx@networksolutions.com,Male,Černilov,CZ,1,682-237-1001,3570611689802724
575,Creigh,Aspole,caspolefy@latimes.com,Non-binary,Mananara,MG,95,642-510-8054,6761728339616387
576,Dell,Maffetti,dmaffettifz@parallels.com,Male,Bauan,PH,6507,276-467-6108,6394759244145019
577,Barret,Cloonan,bcloonang0@ibm.com,Male,Lins,BR,7,107-632-9026,3566937182216344
578,Bentlee,Scoines,bscoinesg1@buzzfeed.com,Male,Meybod,IR,76,598-175-9338,3557430972676126
579,Aida,Ladon,aladong2@ovh.net,Female,Guixi,CN,56,223-247-1648,3542337351206219
580,Stephine,Summerson,ssummersong3@epa.gov,Female,Miastków Kościelny,PL,31457,467-749-9244,6392942201155831
581,Gwennie,Burkman,gburkmang4@gov.uk,Female,Dan Makham Tia,TH,346,597-650-2665,3572622656489518
582,Loella,Maccrie,lmaccrieg5@free.fr,Female,Banatski Dvor,RS,79,349-639-3181,4936714599593370
583,Harmon,Dillaway,hdillawayg6@techcrunch.com,Male,Köln,DE,9357,896-261-8908,3564523364772171
584,Dani,Theis,dtheisg7@amazon.com,Agender,Impalutao,PH,192,531-485-6170,3534873072786949
585,Karoly,Strood,kstroodg8@eventbrite.com,Female,Zaječov,CZ,419,763-447-0353,3578200046178499
586,Marion,Ronca,mroncag9@gnu.org,Male,Washington,US,46165,202-993-6339,3540287072846011
587,Isidora,McGurn,imcgurnga@yelp.com,Female,Danao,PH,59448,335-234-3662,3565633558224837
588,Rancell,McDermot,rmcdermotgb@craigslist.org,Male,Bebedouro,BR,47724,699-576-8691,4905505998069922
589,Adan,Duggon,aduggongc@fda.gov,Female,Paita,PE,6,671-262-8033,6373469316676066
590,Willie,Piggrem,wpiggremgd@clickbank.net,Male,Tolomango,ID,0512,756-121-3988,3531975921379983
591,Dareen,Beet,dbeetge@census.gov,Female,Tomislavgrad,BA,804,730-971-3250,3567615962841189
592,Selle,Benoy,sbenoygf@infoseek.co.jp,Female,Sumberejo,ID,24441,188-886-8983,6387572490249834
593,Saunder,Sleightholme,ssleightholmegg@netlog.com,Male,Ialoveni,MD,3,509-444-0652,3542511659220862
594,Wright,Couth,wcouthgh@pagesperso-orange.fr,Male,Den Chai,TH,680,120-479-4647,3538601350990545
595,Bird,Haslock,bhaslockgi@bandcamp.com,Female,Gornji Milanovac,RS,06,273-908-5208,3573634511102177
596,Honor,Real,hrealgj@edublogs.org,Female,Nikopol’,UA,06490,217-947-7259,6387557631609277
597,Derry,Stainfield,dstainfieldgk@imdb.com,Male,Adzopé,CI,6467,856-342-4735,3533863445516066
598,Cesare,Rosenzwig,crosenzwiggl@kickstarter.com,Male,Ampatuan,PH,43774,398-163-5451,56022417189661145
599,Muffin,Triggel,mtriggelgm@de.vu,Male,Khalkhāl,IR,2,108-818-4963,4041599743846
600,Zara,Folomkin,zfolomkingn@issuu.com,Female,Taiba,CN,0,422-124-3047,490558066811373653
601,Gayle,Gregolotti,ggregolottigo@networkadvertising.org,Male,Meishan,CN,0334,858-281-9707,5340089067797424
602,Gillie,Hatherall,ghatherallgp@yellowbook.com,Female,Shiquanhe,CN,9172,635-423-1688,3585521533196350
603,Rodger,Tresise,rtresisegq@blinklist.com,Male,Echarate,PE,60061,781-176-7501,4041374024461
604,Kayne,Petruska,kpetruskagr@usatoday.com,Male,Cahors,FR,4728,512-802-6435,5602233709425334557
605,Danny,Underhill,dunderhillgs@wunderground.com,Male,Poykovskiy,RU,40,675-276-0282,5108753425503145
606,Harold,Trynor,htrynorgt@simplemachines.org,Male,Jiguan,CN,99945,813-354-9127,5396786026016134
607,Sonia,Le Franc,slefrancgu@sitemeter.com,Female,Kuroda,JP,899,729-112-7454,3573418235424517
608,Odo,Hexam,ohexamgv@baidu.com,Male,Bukbatang,ID,91,637-583-2986,56022322573595281
609,Lulita,Pigrome,lpigromegw@google.ca,Female,Falun,SE,8093,533-536-1999,633468834543290238
610,Shirlene,Dracey,sdraceygx@miibeian.gov.cn,Female,Cookshire-Eaton,CA,9,174-757-2834,372301648546309
611,Ennis,Borg-Bartolo,eborgbartology@elpais.com,Bigender,Moba,CN,74,696-969-3783,5602256308968113
612,Karleen,Rylands,krylandsgz@artisteer.com,Female,Nyūzen,JP,40,133-731-8461,4175006671786950
613,Daphene,Gallyhaock,dgallyhaockh0@xrea.com,Female,Kayan,MM,66275,985-675-4391,4903788244018305
614,Tucker,Stillmann,tstillmannh1@opera.com,Male,Oslo,NO,4,301-756-8023,5602243000154697
615,Jody,Jarlmann,jjarlmannh2@ask.com,Bigender,Albany,US,461,229-476-2568,375693194826797
616,Artemis,Storres,astorresh3@house.gov,Male,Lyubashivka,UA,72203,551-120-9975,201775596506398
617,Sephira,Camps,scampsh4@auda.org.au,Female,El Porvenir,MX,16,771-842-7135,3581373359849751
618,Jeremias,Gwilliam,jgwilliamh5@dion.ne.jp,Male,Kalamangog,PH,5581,704-629-8170,30505375459213
619,Codi,Ottewell,cottewellh6@bravesites.com,Genderfluid,Kafr Zaytā,SY,47579,278-660-0823,3572585609871514
620,Jehanna,Eyrl,jeyrlh7@sitemeter.com,Female,Maputsoe,LS,4516,104-975-6351,3576849718956772
621,Borg,Wrates,bwratesh8@unicef.org,Male,Antaparco,PE,7,448-759-9595,3560134565773143
622,Tudor,Snoddin,tsnoddinh9@ucla.edu,Male,Maluanluan,PH,168,522-925-5949,5020026129478012
623,August,Appleford,aapplefordha@paypal.com,Male,Baiyin,CN,7496,638-795-8440,4017959390006
624,Giffy,D'Orsay,gdorsayhb@un.org,Male,Slunj,HR,151,446-975-1970,4405783770787236
625,Jaimie,Locksley,jlocksleyhc@icio.us,Male,Daxi,CN,0,292-306-1132,374288384585617
626,Briney,Stanning,bstanninghd@scribd.com,Female,Guadalupe,MX,4,700-784-6451,3589944014089637
627,Devinne,Corbould,dcorbouldhe@unc.edu,Female,Meaux,FR,07555,201-358-1152,5602225202454298
628,Sadella,Koch,skochhf@free.fr,Female,Kamnica,SI,92233,309-663-0434,3544112654771823
629,Max,Kubek,mkubekhg@theatlantic.com,Female,Tambaksari,ID,367,901-501-9410,5602219561733814
630,Evonne,Perdue,eperduehh@purevolume.com,Female,Pardubice,CZ,208,479-369-6142,3531406130157168
631,Daloris,Strete,dstretehi@youtu.be,Female,Akat Amnuai,TH,0019,186-428-3643,633110120635536155
632,Bogart,Strowlger,bstrowlgerhj@live.com,Male,Ōtsuki,JP,0392,251-187-9025,5602252120263064
633,Minnnie,Haverson,mhaversonhk@imgur.com,Female,Rejowinangun,ID,15545,116-968-7281,4175009467005577
634,Cob,Dreier,cdreierhl@twitpic.com,Male,Bagay,PH,15,932-631-2612,201794435239442
635,Justin,Free,jfreehm@va.gov,Male,Panjerrejo,ID,95,836-947-5742,5445060320328061
636,Faustina,Lorryman,florrymanhn@istockphoto.com,Female,Rzozów,PL,26363,407-376-3884,374283511756157
637,Ursulina,Flori,ufloriho@vimeo.com,Female,Coutada,PT,161,748-388-6530,63046551210491623
638,Christa,Eplate,ceplatehp@seesaa.net,Female,Zhexiao,CN,615,640-692-3492,6767909401314515
639,Percival,Harpham,pharphamhq@netvibes.com,Male,Xiatuanpu,CN,417,193-633-6007,3575217160469648
640,Irving,Copping,icoppinghr@ucoz.com,Polygender,Lamalera,ID,828,145-334-3103,4508220258058901
641,Whitby,Grcic,wgrcichs@edublogs.org,Male,Kudus,ID,2037,171-925-9875,3532448497867277
642,Stephen,Celier,scelierht@washingtonpost.com,Male,Qiaotou,CN,1159,313-971-6277,201649664618478
643,Mallory,De L'Isle,mdelislehu@discuz.net,Female,Sumberkemuning,ID,1244,792-833-1743,3589717455970378
644,Lenci,Maasz,lmaaszhv@edublogs.org,Male,Brändö,AX,9,610-820-0819,3546005329034189
645,Kev,Curnnokk,kcurnnokkhw@elegantthemes.com,Male,Zaniemyśl,PL,10635,601-939-9274,0604892255866956
646,Dukey,Tremolieres,dtremoliereshx@pagesperso-orange.fr,Male,Concord,CA,58,157-479-3985,3561431293822211
647,Tanney,Hawkswood,thawkswoodhy@blinklist.com,Male,Cabouco,PT,67676,626-865-3944,6386865900394625
648,Rutherford,Darnborough,rdarnboroughhz@theglobeandmail.com,Male,Oranjestad,AW,55,851-366-1698,3552334789147740
649,Guthrie,Crighton,gcrightoni0@umn.edu,Male,Piggotts,AG,24604,446-317-2762,5007664025487146
650,Ximenez,Robyns,xrobynsi1@1688.com,Male,Hulín,CZ,259,657-766-8309,4844666458151487
651,Thornie,Shipp,tshippi2@cmu.edu,Non-binary,Santa María de Caparo,VE,175,151-225-5438,374622253020167
652,Tucker,Boylund,tboylundi3@usa.gov,Male,Cogtong,PH,08,952-218-5935,3550199155473463
653,Maddi,Korting,mkortingi4@moonfruit.com,Female,Hīrna,ET,6043,650-959-6687,3577696944625757
654,Elonore,Allnutt,eallnutti5@bing.com,Female,Banjarjo,ID,2466,714-937-6655,3534791789062760
655,Dinah,Karczinski,dkarczinskii6@plala.or.jp,Female,São Bartolomeu,PT,23,170-821-8487,6333799339969414
656,Bernadine,Godon,bgodoni7@mail.ru,Female,Shuiting,CN,952,457-865-2573,5893383760593863524
657,Dolf,Elloway,dellowayi8@usda.gov,Male,Pampamarca,PE,311,423-857-8033,3569807251163288
658,Bearnard,Creigan,bcreigani9@ow.ly,Male,Novyye Kuz’minki,RU,1621,975-329-5599,3550692520988637
659,Farleigh,Bunson,fbunsonia@reverbnation.com,Male,Ganshui,CN,69505,379-959-2434,3551732169872848
660,Ulrich,Willison,uwillisonib@webmd.com,Male,Yashikera,NG,645,858-122-2877,6333042666920607220
661,Rufus,Somerfield,rsomerfieldic@webmd.com,Male,Muhos,FI,012,204-152-8288,5602224573727069
662,Nahum,Brighty,nbrightyid@howstuffworks.com,Male,Daxing,CN,84,956-957-3624,3572164841875855
663,Silas,Ouver,souverie@furl.net,Male,Jacobina,BR,05,711-488-7307,6706102451105999146
664,Star,Heindle,sheindleif@wisc.edu,Female,Dallas,US,4411,214-822-5856,3544364973939108
665,Connie,Petrichat,cpetrichatig@bloglines.com,Male,Mor Laok,ID,61957,928-683-5742,63046767563669512
666,Wilow,Toppin,wtoppinih@wsj.com,Female,Santol,PH,7393,939-748-5426,5002355132178299
667,Maudie,Stanyan,mstanyanii@yellowpages.com,Female,Aricapampa,PE,706,575-405-0175,6394982173138520
668,Siffre,Archdeacon,sarchdeaconij@wired.com,Male,Likiep,MH,41416,799-313-6701,3553933849561714
669,Arabella,Dixson,adixsonik@pbs.org,Female,Protaras,CY,6108,705-822-7019,4041594251662
670,Nikolas,Kislingbury,nkislingburyil@woothemes.com,Male,Pardelhas,PT,2,803-584-2076,5100132274010684
671,Gratiana,Paula,gpaulaim@yandex.ru,Female,Ketampak,ID,82,982-363-2275,3582127794632043
672,Adeline,Rentz,arentzin@slashdot.org,Female,Progër,AL,40389,637-170-0562,3557748335577024
673,Danny,Priden,dpridenio@discuz.net,Bigender,Kuching,MY,8117,378-316-0274,4694302732282093
674,Inger,Poe,ipoeip@twitpic.com,Female,Cayenne,GF,18520,431-615-3340,3548566254228888
675,Leeann,McCaffery,lmccafferyiq@diigo.com,Female,Gongxi,CN,65,510-902-1801,0604963948414536
676,Ingar,Yushmanov,iyushmanovir@ft.com,Male,Trois-Rivières,CA,62,478-776-1283,5490181473278822
677,Jacky,Mattiassi,jmattiassiis@technorati.com,Male,Ramos West,PH,24901,746-896-6340,502013337312094473
678,Ibrahim,Bellefonte,ibellefonteit@chron.com,Male,Chipata,ZM,600,349-890-2175,5007662061846480
679,Pepe,Cuxon,pcuxoniu@gravatar.com,Male,San Nicolás de los Arroyos,AR,8225,256-455-5741,3586575116306207
680,Farica,Petroff,fpetroffiv@so-net.ne.jp,Bigender,Ikhtiman,BG,59,894-977-4318,3576106990964564
681,Shoshana,Armatidge,sarmatidgeiw@t.co,Female,Xicun,CN,7478,395-231-8868,36037441583309
682,Reggis,McGilben,rmcgilbenix@bloomberg.com,Male,Imaichi,JP,1,437-100-5395,371176537286451
683,Marilin,Shorton,mshortoniy@so-net.ne.jp,Genderqueer,Prokuplje,RS,654,945-136-8005,30284063147650
684,Dion,Grafton-Herbert,dgraftonherbertiz@trellian.com,Male,Al Mughayyir,PS,652,857-918-2428,3553828914186514
685,Abramo,Hemshall,ahemshallj0@wikimedia.org,Male,IJmuiden,NL,5,748-615-2142,4844959023856619
686,Averil,Mangon,amangonj1@reuters.com,Male,Antes,PT,50,825-429-9189,4041374798693455
687,Field,Tallant,ftallantj2@auda.org.au,Male,Nansan,CN,681,642-406-0943,3530335470621361
688,Cheston,Kernoghan,ckernoghanj3@archive.org,Non-binary,Bang Rak,TH,34,601-308-4227,3543514193398763
689,Sabra,Secret,ssecretj4@icio.us,Female,Olímpia,BR,972,738-194-6513,3567389844584397
690,Holly,Comfort,hcomfortj5@cocolog-nifty.com,Female,Eslöv,SE,7081,188-498-5558,5007667998989568
691,Marcellina,Dunsire,mdunsirej6@booking.com,Female,Tomelilla,SE,7,941-546-8015,30117916093335
692,Suzanne,Anthill,santhillj7@elpais.com,Female,Bistrinci,HR,72187,669-119-8007,5893777494543830
693,Rosetta,O'Loinn,roloinnj8@usnews.com,Female,Pakisaji,ID,2926,297-344-8138,374622862313037
694,Mitch,Foulks,mfoulksj9@squidoo.com,Male,Cemplang,ID,17,384-742-5766,3536496588798592
695,Robbie,Carbett,rcarbettja@prweb.com,Male,Habartov,CZ,1,252-129-7358,3576314461454913
696,Mozes,Swanborough,mswanboroughjb@ehow.com,Male,Merklín,CZ,7981,730-237-0052,3531386320567691
697,Sibyl,Trathen,strathenjc@timesonline.co.uk,Male,Road Town,VG,48882,143-376-7340,201716987316815
698,Darya,Acory,dacoryjd@timesonline.co.uk,Female,Avellaneda,AR,92182,666-962-3057,3544653114423406
699,Herrick,Secker,hseckerje@lulu.com,Male,Rafaï,CF,567,571-642-4386,5602237018428317
700,Bibi,Beynkn,bbeynknjf@issuu.com,Non-binary,Guhuai,CN,06006,508-363-2930,3587492075763361
701,Mireille,Hobgen,mhobgenjg@accuweather.com,Genderqueer,Miribel,FR,742,405-119-4274,5398436978921307
702,Alasdair,Amy,aamyjh@washingtonpost.com,Male,Sawoi,ID,75534,487-750-8816,4903016030874198
703,Octavius,Govey,ogoveyji@youtu.be,Male,Emiliano Zapata,MX,212,276-820-0018,374622177579561
704,Brook,Dansie,bdansiejj@seattletimes.com,Female,Shilu,CN,34,989-166-8617,3539387173379657
705,Maryanne,Fazzioli,mfazziolijk@blog.com,Female,Kunashak,RU,6879,935-446-7094,6373291183783274
706,Broddy,Yeend,byeendjl@umn.edu,Agender,Cabrero,CL,2711,374-895-8842,30047789576589
707,Nada,Korda,nkordajm@google.com,Female,Penanggungan,ID,5342,152-522-8831,4041371009944354
708,Luelle,Dumper,ldumperjn@github.io,Female,Amirabad,PK,10,953-618-1432,201536363189440
709,Errick,Thomesson,ethomessonjo@ox.ac.uk,Male,Oji River,NG,74366,820-599-2824,3585576391639271
710,Felisha,Rugiero,frugierojp@hp.com,Female,Zhishan,CN,41689,342-336-4217,4175004093588799
711,Natale,Bellwood,nbellwoodjq@google.com.br,Male,Huanxi,CN,7334,348-645-7597,4913537645667295
712,Dougie,Falk,dfalkjr@t-online.de,Male,São José do Rio Pardo,BR,97,943-445-2812,676752883902449525
713,Marylinda,Cale,mcalejs@bandcamp.com,Female,Koropí,GR,79,459-533-6763,3551029746220116
714,Leslie,Riep,lriepjt@aol.com,Male,Tha Mai,TH,4,616-172-6582,3583119535616988
715,Alphonse,Meadway,ameadwayju@abc.net.au,Male,Wuyang,CN,6,244-253-4913,374288311304462
716,Laureen,Kern,lkernjv@statcounter.com,Female,Bronkhorstspruit,ZA,91834,810-347-4842,3561317882388393
717,Darren,Philipot,dphilipotjw@barnesandnoble.com,Male,Castlebellingham,IE,2668,263-892-2562,3588739653096344
718,Cole,Pendock,cpendockjx@about.me,Male,Yudaikelike,CN,46,917-668-7574,3571991553259204
719,Amandy,Learned,alearnedjy@bloomberg.com,Female,Delgerhaan,MN,06,498-585-7009,4844167900460428
720,Marlena,Regitz,mregitzjz@quantcast.com,Female,San Pedro,AR,26,429-481-3030,3589632713928698
721,Shay,Horburgh,shorburghk0@desdev.cn,Female,Pipa,CN,50,174-547-6082,3529267902262055
722,Tan,Chazier,tchazierk1@ftc.gov,Male,Pitogo,PH,796,930-350-9523,4405881545677391
723,Carmencita,Cleland,cclelandk2@geocities.com,Female,Ubatã,BR,9,698-678-6684,5002355491525528
724,Quincy,Rapport,qrapportk3@redcross.org,Male,Candoso,PT,20,676-973-1160,676102582797769479
725,Cherin,Kennicott,ckennicottk4@foxnews.com,Female,Alexandria,US,0,571-350-7614,3544377263012881
726,Crissie,Dominguez,cdominguezk5@abc.net.au,Female,Stakhanov,UA,893,742-344-4586,374288909621459
727,Hanan,Athowe,hathowek6@flickr.com,Male,Jinhua,CN,410,595-539-6098,3546364075977921
728,Bartlet,Robertacci,brobertaccik7@bbb.org,Male,Cambridge,JM,180,712-141-2856,3561789486212478
729,Filmore,Purcell,fpurcellk8@shinystat.com,Male,Onokivtsi,UA,964,655-913-0959,345899336318943
730,Gray,Mahaddie,gmahaddiek9@tumblr.com,Female,Huimin,CN,2,817-822-3311,3580637084824987
731,Armstrong,McHale,amchaleka@jimdo.com,Male,Paltamo,FI,64,246-336-3682,3588009155592483
732,Isidore,Shaplin,ishaplinkb@purevolume.com,Non-binary,Shimiaozi,CN,59404,933-544-7086,3536259094114039
733,Rici,Itzhaiek,ritzhaiekkc@aboutads.info,Female,Villa María,AR,1,849-457-5522,3553088062656392
734,Porty,Duiguid,pduiguidkd@dmoz.org,Male,Sanxi,CN,4671,494-835-0431,3562356869073163
735,Ambros,Leppard,aleppardke@arizona.edu,Male,Aroroy,PH,9,403-471-0884,201735467957765
736,Trip,Wicken,twickenkf@umich.edu,Male,Cottbus,DE,1,650-512-4209,6394016781785545
737,Miof mela,Astling,mastlingkg@indiatimes.com,Female,Bern,CH,77439,294-332-7045,4405227392391951
738,Burton,Offer,bofferkh@prnewswire.com,Male,Ayrihuanca,PE,29,211-970-8665,3589284905531755
739,Morey,Gornal,mgornalki@mediafire.com,Polygender,Kochetok,UA,05,424-964-6274,3563228498147446
740,Cally,Fegan,cfegankj@wunderground.com,Female,Almirante Tamandaré,BR,4,686-828-0071,5007660656964262
741,Aland,Jopson,ajopsonkk@behance.net,Male,Traiguén,CL,298,836-800-9870,3587631270412684
742,Cahra,Scrivinor,cscrivinorkl@wordpress.com,Female,Guarulhos,BR,610,800-186-4271,4917464861779926
743,Lemar,Tother,ltotherkm@craigslist.org,Male,Xishaqiao,CN,6,763-840-9972,5308229668856456
744,Korry,Tomeo,ktomeokn@guardian.co.uk,Female,Azueira,PT,6,251-677-2546,5602224791010798876
745,Lezley,Fibbings,lfibbingsko@mit.edu,Bigender,Sukaraja,ID,9534,906-236-5880,3566453038933538
746,Iona,Episcopio,iepiscopiokp@wordpress.org,Female,Wangba,CN,3998,545-392-0155,3551061310866966
747,Dal,Sumnall,dsumnallkq@wikipedia.org,Male,Xinxing,CN,93478,579-440-8579,3540715338768041
748,Clarine,Osgar,cosgarkr@apache.org,Female,Dengzhuang,CN,4337,482-994-0823,490301278084953158
749,Rodolph,Rollin,rrollinks@npr.org,Male,Hadano,JP,62678,488-729-4357,3587983459443075
750,Alexia,Sawell,asawellkt@cargocollective.com,Female,Sundsvall,SE,837,786-370-0218,560223477332949639
751,Bennie,Fetherston,bfetherstonku@icq.com,Genderfluid,Whittier,US,9242,562-679-8380,5602240888160861
752,Sandro,Christin,schristinkv@columbia.edu,Male,Bern,CH,2,275-826-5579,343198390986733
753,Aliza,Bestwick,abestwickkw@lulu.com,Female,San Fernando,PH,15,190-551-8971,3557865661712742
754,Glennie,Suddaby,gsuddabykx@usgs.gov,Female,Mossel Bay,ZA,67672,214-916-9638,201468187677279
755,Margarette,Scade,mscadeky@cam.ac.uk,Non-binary,Hokor,ID,7,126-179-0605,3543032964560792
756,Ellie,Ousbie,eousbiekz@soundcloud.com,Female,Barice,BA,62,467-295-0382,30026567330120
757,Michal,Matresse,mmatressel0@home.pl,Male,General Alvear,AR,9,446-813-3362,201431025936323
758,Warner,Matyashev,wmatyashevl1@irs.gov,Male,Mobai,SL,6,222-863-1606,201691389132930
759,Gabriella,Lisciardelli,glisciardellil2@toplist.cz,Female,Ash Shajarah,SY,81,734-992-5104,36487403023283
760,Alexandra,Jaulme,ajaulmel3@aboutads.info,Female,Wangchang,CN,20,774-973-4496,3530870575632400
761,Alysia,Manwaring,amanwaringl4@marketwatch.com,Bigender,Baltimore,US,84,410-271-2251,3562214566515939
762,Barney,Warlawe,bwarlawel5@fc2.com,Male,Achiaman,GH,7,923-178-7525,3547870254799851
763,Mae,Michieli,mmichielil6@photobucket.com,Female,Beloye,RU,40,781-123-3904,5536750190383481
764,Van,Riddiough,vriddioughl7@gravatar.com,Female,Jintun,CN,93,341-223-5152,3571516881882797
765,Wendie,Dunning,wdunningl8@infoseek.co.jp,Female,Bulnes,CL,1014,285-642-1669,3571383296248985
766,Chloette,Reven,crevenl9@deliciousdays.com,Female,Requião,PT,4,782-808-9719,3532797244106185
767,Seward,Lerven,slervenla@altervista.org,Male,Umeå,SE,79,834-396-6894,5018648180646700208
768,Susy,Rafe,srafelb@auda.org.au,Female,Mambi,ID,67,919-588-3049,3540143263563156
769,Janek,Jacobssen,jjacobssenlc@123-reg.co.uk,Male,Ricardo Palma,PE,226,725-931-5352,5100132015199564
770,Carlo,Hildrew,childrewld@latimes.com,Male,Nova Granada,BR,6,781-300-6576,201758702999889
771,Bartholemy,Yushin,byushinle@creativecommons.org,Male,Arnhem,NL,71,866-607-6763,6331109706906266
772,Gav,Halfacree,ghalfacreelf@cnet.com,Male,Ludvika,SE,8,734-705-0858,3531223484485388
773,Pierrette,Tunny,ptunnylg@wordpress.com,Female,Cusapín,PA,58369,943-277-1390,3552219666492154
774,Delainey,Telfer,dtelferlh@rambler.ru,Male,Sabaneta,CO,8,162-938-9223,3537103176910758
775,Karoline,Cummings,kcummingsli@yelp.com,Female,Wattala,LK,35,115-251-6534,4905528880564016
776,Wilhelmina,Perschke,wperschkelj@paginegialle.it,Female,Bolobo,CD,44958,434-404-5926,3555905246741832
777,Bobby,MacArdle,bmacardlelk@pbs.org,Female,Laocheng,CN,9,379-582-1066,30405386922129
778,Boris,Ransome,bransomell@go.com,Male,Popielów,PL,564,304-901-3961,3551167346686425
779,Kylila,Arundale,karundalelm@google.com.br,Female,Kuzhu,CN,4,854-463-0913,5194116731026158
780,Ruggiero,Hubach,rhubachln@istockphoto.com,Male,Dugulubgey,RU,092,290-649-9985,675916174502854719
781,Marietta,Stitfall,mstitfalllo@jalbum.net,Male,Renyi,CN,9,899-902-6120,3579512235532693
782,Sidoney,Perelli,sperellilp@ifeng.com,Female,Guanshan,CN,357,827-278-3695,36046964576632
783,Clemmy,Gordon,cgordonlq@yelp.com,Male,Stockholm,SE,8981,704-884-0003,3547156381846637
784,Reggy,Seeborne,rseebornelr@goodreads.com,Male,San Isidro,PH,8,376-447-5632,36284630426284
785,Clarance,Lamplough,clamploughls@umn.edu,Male,Firavitoba,CO,66041,912-163-6626,4913243790982601
786,Teodoro,Zanre,tzanrelt@wordpress.org,Polygender,Huangshi,CN,08,152-232-8286,3550719494904116
787,Roderigo,Beckhouse,rbeckhouselu@twitter.com,Male,Vila Verde,PT,5,575-113-6086,3568339134979293
788,Tedda,Lancetter,tlancetterlv@slate.com,Female,Granada,CO,27949,438-866-0791,3561033419710716
789,Feodor,Silvers,fsilverslw@instagram.com,Male,Rosetta,EG,3,679-419-2200,374622517201827
790,Colin,Guilloud,cguilloudlx@mapy.cz,Male,Hyltebruk,SE,6814,399-812-3345,3579354803596739
791,Cleon,Nettle,cnettlely@cmu.edu,Male,Petaẖ Tiqwa,IL,432,111-483-4863,3529318396398515
792,Keri,Levet,klevetlz@ihg.com,Female,Złotoryja,PL,96,573-556-6678,6759208659023914
793,Garald,Salandino,gsalandinom0@vkontakte.ru,Male,Tubod,PH,09,287-536-9853,5245606525066815
794,Beryle,Sleight,bsleightm1@examiner.com,Female,Gontar,ID,9324,419-621-9328,6375299335233567
795,Kippie,Wackley,kwackleym2@123-reg.co.uk,Male,Mafinga,TZ,577,695-254-1726,372470016607918
796,Frasco,Shoebrook,fshoebrookm3@xing.com,Male,Retiro,AR,9576,169-355-5960,63048974704840246
797,Merrielle,Dainty,mdaintym4@csmonitor.com,Female,Ashmūn,EG,06588,193-722-9762,3528975387483407
798,Hilary,McIllrick,hmcillrickm5@ezinearticles.com,Female,Ol Kalou,KE,016,175-607-1572,337941737698182
799,Jacinthe,Mityakov,jmityakovm6@washingtonpost.com,Female,Hengdong Chengguanzhen,CN,62592,770-302-0207,4913200171743606
800,Elset,Paeckmeyer,epaeckmeyerm7@wix.com,Female,Arruda dos Vinhos,PT,8,370-792-7139,6706860545851041383
801,Rufe,Petters,rpettersm8@huffingtonpost.com,Male,Nova Russas,BR,70904,449-842-8365,3539074035293918
802,Currey,Kimbrough,ckimbroughm9@php.net,Male,Ḩabūr,YE,804,693-558-1959,3568618752981578
803,Horatius,Neiland,hneilandma@gnu.org,Polygender,Batallas,BO,509,381-421-5186,060490517978941049
804,Kermit,Fellowes,kfellowesmb@sphinn.com,Male,Puerto Santander,CO,35,428-934-5325,3556053432758929
805,Erek,August,eaugustmc@deviantart.com,Male,Polel Diaoubé,SN,275,907-733-3837,5602250311955456
806,Rusty,Tweed,rtweedmd@diigo.com,Male,Methóni,GR,95401,354-428-7626,4175007420235638
807,Lily,Widocks,lwidocksme@japanpost.jp,Female,Rondonópolis,BR,1396,852-708-0914,6763377157619483217
808,Lemmy,Welbeck,lwelbeckmf@nifty.com,Male,Leiyang,CN,674,232-381-2257,5610088959592189909
809,Darrelle,Whitehair,dwhitehairmg@gravatar.com,Bigender,Lyon,FR,0867,183-374-7679,4188400561221480
810,Wallas,Degnen,wdegnenmh@github.io,Male,Benjamin Constant,BR,3,124-917-0492,3564508523532434
811,Munroe,Plascott,mplascottmi@miitbeian.gov.cn,Male,Ouricuri,BR,77,197-961-7245,3548494207275346
812,Darcy,Turl,dturlmj@g.co,Female,Durazno,UY,488,491-905-8422,560221383545355584
813,Uri,Overthrow,uoverthrowmk@hugedomains.com,Male,Yangxi,CN,5,208-884-8836,676757722361940886
814,Haskell,Hanscome,hhanscomeml@phoca.cz,Male,Sioguí Abajo,PA,45511,222-998-8608,3583317438014588
815,Jennica,Kittless,jkittlessmm@sohu.com,Female,Võhma,EE,382,240-641-4848,6334491485035321351
816,Zara,Foyle,zfoylemn@scribd.com,Female,Toulouse,FR,9,675-190-0224,3555005068875717
817,Joaquin,Stirland,jstirlandmo@furl.net,Male,Gjøvik,NO,6,988-326-4934,3572934736075070
818,Garfield,Levey,gleveymp@toplist.cz,Male,Hepu,CN,3978,725-255-8644,374622568334089
819,Robbert,Antrag,rantragmq@theatlantic.com,Genderqueer,Navoiy,UZ,5325,181-570-0553,5157547355535287
820,Katheryn,Feye,kfeyemr@photobucket.com,Female,Watangan,ID,89062,572-569-6617,36604156026061
821,Pearce,Simoneschi,psimoneschims@macromedia.com,Male,Union,PH,59765,101-175-1767,4550653207930803
822,Sky,Ladd,sladdmt@huffingtonpost.com,Male,Suizhong,CN,285,594-194-6207,3546132455871067
823,Penelopa,Witheford,pwithefordmu@ameblo.jp,Female,Cimanglid,ID,273,783-863-0985,36989358611848
824,Mellie,Bucktharp,mbucktharpmv@nydailynews.com,Genderqueer,San José de Comayagua,HN,60,542-492-2220,3529570955410814
825,Eolande,Chainey,echaineymw@abc.net.au,Female,Berezayka,RU,7,273-471-8995,3550344041791153
826,Kalvin,Ventom,kventommx@paginegialle.it,Male,Saga,CN,6528,330-902-5386,3546154179735014
827,Gordy,Brunger,gbrungermy@bbc.co.uk,Male,Phra Phutthabat,TH,6,756-568-9297,6397799016471695
828,Barn,Castelletti,bcastellettimz@mashable.com,Male,Jayapura,ID,6,221-741-1033,3551691231540256
829,Berget,Twiggs,btwiggsn0@dyndns.org,Genderfluid,Liuli,TZ,34076,387-986-0923,3535852504362551
830,Tann,Bompas,tbompasn1@buzzfeed.com,Male,Suru,ID,3,741-781-2860,5602217676920441
831,Hyman,Jados,hjadosn2@narod.ru,Male,Xihe,CN,6,640-113-2508,30444081918199
832,Reinold,Tolliday,rtollidayn3@example.com,Male,Ocumare de la Costa,VE,846,303-806-3417,3579936265888222
833,Shannon,Morrow,smorrown4@friendfeed.com,Agender,Tarnawatka,PL,64,231-286-9997,3571373233523988
834,Drucy,Bowdery,dbowderyn5@irs.gov,Female,Batuan,CN,9,750-258-1298,3570789701963581
835,Rasia,Piercey,rpierceyn6@blogs.com,Female,Winburg,ZA,96090,456-981-2720,3556999225359988
836,Granville,Mont,gmontn7@ovh.net,Male,Gostynin,PL,244,777-443-6768,3550269276288312
837,Ricky,Juniper,rjunipern8@globo.com,Male,Lisewo Malborskie,PL,8,516-919-5012,3567734782471315
838,Clemence,Braidon,cbraidonn9@github.io,Female,Zhambyl,KZ,2,998-768-6413,676299332623819665
839,Lorant,Gorden,lgordenna@prweb.com,Male,Krajan,ID,04,862-411-7183,30445274546101
840,Titos,Weeks,tweeksnb@ucla.edu,Male,Gimcheon,KR,14692,554-507-5163,4913346100704274
841,Augustin,Doubrava,adoubravanc@dion.ne.jp,Male,Yanhu,CN,16,376-281-6080,0604865296981994673
842,Inglebert,Purves,ipurvesnd@naver.com,Male,Botou,CN,5439,361-991-5459,5007660106304960
843,York,Evans,yevansne@pagesperso-orange.fr,Bigender,Katrineholm,SE,246,494-465-2108,5108757010266273
844,Dudley,Boschmann,dboschmannnf@cloudflare.com,Male,Puerto Boyacá,CO,4,474-175-8721,3557418524142416
845,Grantham,Rumney,grumneyng@techcrunch.com,Male,An Nāşirīyah,IQ,988,762-275-9486,3546681102056217
846,Baily,Shafto,bshaftonh@cafepress.com,Male,Falun,SE,2030,517-830-6254,6767732209373331230
847,Archibold,Ruspine,aruspineni@mtv.com,Male,Xiangfu,CN,230,994-804-8360,5602255875668262
848,Byron,Engelbrecht,bengelbrechtnj@opera.com,Male,Jiuzihe,CN,37274,616-429-6299,3550202958189698
849,Dale,Partlett,dpartlettnk@msu.edu,Genderfluid,Tiebiancheng,CN,8,886-512-6754,633326762425088234
850,Nadya,Woolfitt,nwoolfittnl@hugedomains.com,Female,Şabbūrah,SY,507,791-542-4994,3534716850099425
851,Janice,Starton,jstartonnm@theatlantic.com,Female,Hujirt,MN,6,347-415-1011,5007667668997206
852,Antony,Hourican,ahouricannn@usnews.com,Male,San Julian,BO,0,658-434-1303,4041592880793
853,Prentiss,Dyne,pdyneno@dagondesign.com,Male,Sepulu,ID,64,291-787-7425,374622973232944
854,Garrek,Jacobsen,gjacobsennp@tamu.edu,Male,Huolongping,CN,4,502-660-2276,3528285362635512
855,Lucille,Passby,lpassbynq@si.edu,Agender,San Agustín de Valle Fértil,AR,4244,811-160-0785,3533620083632377
856,Charlene,de Marco,cdemarconr@freewebs.com,Female,Gunungmanik,ID,524,603-152-3006,3551799134261373
857,Bing,Petrasso,bpetrassons@ustream.tv,Male,Newark,US,5561,302-985-7758,3529204966733754
858,Maxy,Easdon,measdonnt@mit.edu,Female,Oenaik,ID,33,452-945-3646,3548722605912718
859,Wainwright,Rumbold,wrumboldnu@hostgator.com,Male,Trélazé,FR,6,423-522-4716,5048372977988332
860,Tiebold,Larose,tlarosenv@google.co.uk,Male,Sanhe,CN,143,434-452-9043,3558227613046407
861,Nikola,Cay,ncaynw@whitehouse.gov,Male,Langtang,NG,3,855-797-5887,3530581880887478
862,Cloris,Oakenford,coakenfordnx@drupal.org,Female,Titiakar,ID,32195,720-622-4369,5010127816370330
863,Mariya,Dewsbury,mdewsburyny@samsung.com,Female,Lutomiersk,PL,143,608-379-7822,374283087199816
864,Kellsie,Farleigh,kfarleighnz@twitpic.com,Female,Jelsa,HR,748,404-547-5265,5020594762635590953
865,Perceval,Skellon,pskellono0@tripadvisor.com,Male,Šentvid pri Stični,SI,4,245-858-9975,50203921564560297
866,Fanchette,Baltzar,fbaltzaro1@mozilla.org,Female,Kočevje,SI,138,235-709-5942,3548950348849877
867,Waly,Coldtart,wcoldtarto2@bandcamp.com,Female,Матејче,MK,41,978-940-2401,4175004372551153
868,Carmine,Blagbrough,cblagbrougho3@upenn.edu,Male,Klimontów,PL,863,730-549-0391,3569465584773248
869,Wilek,Goulder,wgouldero4@epa.gov,Male,Gyumri,AM,8,636-684-7713,5641829581074337076
870,Terrye,Parry,tparryo5@nba.com,Female,Wushi,CN,5,749-839-0071,3548842459031884
871,Laurella,Behninck,lbehnincko6@oaic.gov.au,Female,Kumanovo,MK,2888,772-307-5615,6392076194948645
872,Jenelle,Gresham,jgreshamo7@w3.org,Female,Kolyvan’,RU,56,446-325-9983,30074162622251
873,Maryjane,Zapatero,mzapateroo8@blinklist.com,Polygender,Bethel Town,JM,309,244-284-2220,30330863595182
874,Zabrina,Cassel,zcasselo9@paginegialle.it,Female,Zásmuky,CZ,6554,751-825-3075,4026285849710180
875,Amil,Balfour,abalfouroa@netscape.com,Female,Cimo de Vila,PT,9,324-319-6004,3545690904261561
876,Lanni,Hakey,lhakeyob@ehow.com,Female,Slobodka,RU,07725,186-170-2162,5100145397067100
877,Em,De Mattei,edematteioc@pen.io,Polygender,Évry,FR,37673,806-104-4321,5103803579399447
878,Lauritz,Felkin,lfelkinod@boston.com,Male,Żółkiewka,PL,1613,246-361-3991,4017956329719443
879,Jeromy,Gilchriest,jgilchriestoe@boston.com,Male,Juxing,CN,82,783-537-8184,5100130091319650
880,Hort,Moodey,hmoodeyof@mozilla.org,Male,Aqsū,KZ,14731,490-816-9016,5108758745530942
881,Katha,Dorken,kdorkenog@google.nl,Female,Gorki Vtoryye,RU,48,926-815-8756,3556824770780943
882,Jeromy,Bayly,jbaylyoh@goodreads.com,Male,Miskolc,HU,5,785-473-1974,3588251297816103
883,Burty,Colliver,bcolliveroi@w3.org,Male,Gorshechnoye,RU,5,119-714-6135,3562221630779441
884,Felicdad,Yokley,fyokleyoj@feedburner.com,Female,Oslo,NO,0476,511-585-3742,5048373025741517
885,Harvey,Beak,hbeakok@elegantthemes.com,Non-binary,Ecilda Paullier,UY,03777,769-954-9689,630463926646312520
886,Lorenza,Paulson,lpaulsonol@soup.io,Female,Nagbalaye,PH,2,272-802-9454,4175005098951676
887,Pattin,Petkovic,ppetkovicom@purevolume.com,Male,Buenavista,PH,733,312-376-5097,3533831133782290
888,Brandais,Lanston,blanstonon@dagondesign.com,Female,Nong Ki,TH,57775,708-721-1582,5007661221598643
889,Reuben,Cleal,rclealoo@theglobeandmail.com,Bigender,Wenchi,GH,621,253-951-3561,4508510403570549
890,Jacqui,Deary,jdearyop@dion.ne.jp,Female,São Gabriel da Cachoeira,BR,70352,793-277-4139,56022158183000183
891,Ceciley,Victory,cvictoryoq@indiatimes.com,Female,Boksitogorsk,RU,13140,573-937-9610,5100131600310461
892,Tadd,Izhakov,tizhakovor@uiuc.edu,Male,København,DK,29571,608-410-0761,4508738984016182
893,Estella,Morkham,emorkhamos@ft.com,Female,Pamupukan,ID,998,753-361-5906,5593400120736644
894,Tremaine,Merritt,tmerrittot@blogspot.com,Male,Flor da Mata,PT,538,343-873-0946,3582007640662305
895,Doralyn,Counter,dcounterou@ezinearticles.com,Female,Shanglian,CN,83509,384-429-1932,67590279525950304
896,Hieronymus,Melbury,hmelburyov@cnn.com,Male,Kakamega,KE,83,379-574-0440,5592447224489951
897,Waverley,Beauman,wbeaumanow@feedburner.com,Male,Živinice,BA,1,476-380-7558,3584595632216070
898,Christie,Tertre,ctertreox@cornell.edu,Female,Kobyzhcha,UA,1599,644-799-1254,3566376440163305
899,Sax,Walton,swaltonoy@xinhuanet.com,Male,Berëzovskiy,RU,3994,819-896-2074,5602257198670512
900,Lilah,Ellsbury,lellsburyoz@yellowbook.com,Polygender,Sirghāyā,SY,4,719-151-6051,4903969906245559677
901,Fairlie,Hanmer,fhanmerp0@ocn.ne.jp,Male,Moroto,UG,43100,444-590-5767,3565110448139954
902,Peri,Kornes,pkornesp1@mit.edu,Female,Berestechko,UA,77980,931-418-8267,50203626854430487
903,Selestina,Churchward,schurchwardp2@washingtonpost.com,Female,Zarya,RU,65307,469-820-3474,4905871784818298
904,Dalenna,Brizell,dbrizellp3@hc360.com,Female,Lidingö,SE,42,123-568-0651,5364827731220062
905,Elenore,Wormell,ewormellp4@skype.com,Bigender,Orahovica Donja,BA,6,678-537-4710,67593190370963846
906,Katusha,Dufour,kdufourp5@acquirethisname.com,Genderqueer,Los Angeles,US,9,323-106-0262,3579398319860915
907,Nicki,Joscelyne,njoscelynep6@google.nl,Female,Miraflores,PE,2094,485-671-8187,4026187531715420
908,Kale,Orknay,korknayp7@last.fm,Male,Jembe Timur,ID,9633,387-443-3639,30133162820859
909,Elwira,Sisse,esissep8@ucla.edu,Female,Santa Paz,PH,922,592-882-8689,3537123971232802
910,Zane,Edmott,zedmottp9@washington.edu,Male,Nhà Bàng,VN,02,400-494-4384,3556572944658731
911,Bonny,Droghan,bdroghanpa@domainmarket.com,Female,Orange Walk,BZ,80713,508-680-4566,3567557006651192
912,Ibrahim,McLaughlan,imclaughlanpb@ucsd.edu,Male,Cimanggu,ID,72,158-856-0230,3556738194761216
913,Thomasine,Priscott,tpriscottpc@qq.com,Female,Saint-Lô,FR,386,278-360-8440,5602237438487539
914,Melisa,Dutton,mduttonpd@barnesandnoble.com,Genderqueer,Ciela Lebak,ID,7863,196-539-7778,5002352249223589
915,Vincenty,Southernwood,vsouthernwoodpe@a8.net,Male,Cisownica,PL,63,590-516-1642,374283092094598
916,Terrijo,Dysart,tdysartpf@marketwatch.com,Female,Keelung,TW,4,271-284-7695,6333664178779229137
917,Jodi,Darrigoe,jdarrigoepg@gizmodo.com,Female,Xibali,CN,772,959-250-2624,676192651780927575
918,Orton,Ingliby,oinglibyph@theatlantic.com,Male,Połomia,PL,6,482-887-6759,3583619690117847
919,Sven,Eagers,seagerspi@vk.com,Male,Liqiao,CN,8556,731-648-2758,676792179111647658
920,Brannon,Deyenhardt,bdeyenhardtpj@pcworld.com,Genderqueer,Lazaro Cardenas,MX,63,199-795-5420,3585715769978313
921,Gelya,Parriss,gparrisspk@list-manage.com,Female,Blučina,CZ,834,784-557-8631,337941803913374
922,Terrie,Aliberti,talibertipl@sourceforge.net,Female,Krasnokumskoye,RU,6,822-903-3754,3537294585838456
923,Dulcinea,Sinden,dsindenpm@sciencedaily.com,Female,Tarauacá,BR,77,153-958-3465,4844852473331615
924,Willette,Goldes,wgoldespn@about.com,Female,Loutrá,GR,4,665-297-7503,3570586010106062
925,Hilton,Skelington,hskelingtonpo@nbcnews.com,Male,Huaicheng,CN,30,194-920-4949,3566772585248531
926,Harry,Hyde-Chambers,hhydechamberspp@drupal.org,Genderqueer,Cawayan,PH,9237,570-652-6924,201777340051903
927,Osbert,Behling,obehlingpq@themeforest.net,Male,Tianjin,CN,44788,479-421-2256,5010127638799849
928,Anna,Heavy,aheavypr@washingtonpost.com,Female,Natal,BR,4,602-428-2762,3546834513851128
929,Violet,Huge,vhugeps@domainmarket.com,Female,Villamontes,BO,5741,845-157-1393,5641829179146076820
930,Carmina,Hatzar,chatzarpt@ebay.co.uk,Female,El Nido,PH,06554,701-696-3033,5020301339198333628
931,Luca,Darwin,ldarwinpu@sciencedaily.com,Male,Kishorganj,BD,01222,449-897-7583,3580616531546468
932,Mortie,Cotesford,mcotesfordpv@redcross.org,Male,Xizhong,CN,283,179-337-2927,3540159731854274
933,Hillel,Gregorin,hgregorinpw@google.com,Male,Qiling,CN,9,185-603-8278,4913670864774276
934,Devland,Dey,ddeypx@arizona.edu,Male,Shādegān,IR,766,786-349-2320,3547914618947861
935,Sebastien,McNeill,smcneillpy@fc2.com,Male,Dankalwa,NG,7,539-969-0346,3535881057341290
936,Elset,Maxfield,emaxfieldpz@blogtalkradio.com,Female,Progër,AL,28,642-523-7136,4917446864532451
937,Giralda,Goomes,ggoomesq0@sphinn.com,Female,New Westminster,CA,974,158-396-0921,3545636687355278
938,Neale,Gaynes,ngaynesq1@disqus.com,Male,Yatsuomachi-higashikumisaka,JP,72776,982-825-4070,3557902831665425
939,Lemuel,Rambadt,lrambadtq2@typepad.com,Male,Tingsiqiao,CN,049,111-350-5681,5641823312608668794
940,Georgetta,Vasentsov,gvasentsovq3@wp.com,Female,Hila,ID,21792,923-399-4391,4017953909256
941,Chadwick,Clews,cclewsq4@ocn.ne.jp,Male,Sarykemer,KZ,07067,670-286-0728,493630623775366341
942,Marcel,Klyner,mklynerq5@qq.com,Male,Jingdezhen,CN,7,138-922-2210,3578412450265320
943,Germaine,Mattiazzi,gmattiazziq6@mozilla.com,Female,Tours,FR,2,186-370-3685,3562493377840112
944,Truda,Richten,trichtenq7@hibu.com,Female,Emiliano Zapata,MX,7674,720-756-6090,4936439096584202642
945,Linus,Carman,lcarmanq8@webmd.com,Male,Tugulym,RU,16,972-835-4315,5602249269317036333
946,Skye,Merkel,smerkelq9@nps.gov,Male,Villa Mercedes,AR,627,452-643-3580,5517168508835451
947,Gwendolin,Hugland,ghuglandqa@trellian.com,Female,Dizangué,CM,805,496-297-4504,3528574517356433
948,Kennedy,Dingle,kdingleqb@ft.com,Male,Waturoka,ID,9805,445-798-8765,6759130928271717571
949,Courtnay,Wheatcroft,cwheatcroftqc@mozilla.org,Non-binary,Bukowina Tatrzańska,PL,941,928-835-7320,6333556813477870
950,Byrom,Negal,bnegalqd@sun.com,Male,Baoyang,CN,424,417-954-3444,3574810666895984
951,Fitzgerald,Banfill,fbanfillqe@1und1.de,Agender,Bagé,BR,473,572-714-1440,5602226519963146
952,Viola,Allbrook,vallbrookqf@woothemes.com,Female,Chenggan,CN,95,845-718-3112,3566500610107566
953,Mariya,Bonavia,mbonaviaqg@theglobeandmail.com,Female,Vol’sk,RU,73614,206-321-1176,3581557689241669
954,Virgina,Clash,vclashqh@mozilla.org,Female,Bindang,ID,6,631-894-2427,4917001846857573
955,Brook,Harley,bharleyqi@opera.com,Male,Al ‘Āliyah,TN,860,170-308-4074,5893106694246087
956,Perceval,Dundendale,pdundendaleqj@blinklist.com,Male,Stockholm,SE,6098,394-154-1907,30219362821464
957,Ilario,Cashley,icashleyqk@jigsy.com,Male,Poroçan,AL,73,778-264-8278,5020495551233767
958,Josi,McClean,jmccleanql@tamu.edu,Genderfluid,Bom Sucesso,PT,25294,673-444-8898,4041372771022
959,Janean,Fairfoul,jfairfoulqm@desdev.cn,Female,Ouro Branco,BR,136,561-270-8597,4017959436171
960,Edita,Detloff,edetloffqn@squarespace.com,Female,Genteng,ID,489,872-186-3755,5100170044266632
961,Kerianne,Huitson,khuitsonqo@creativecommons.org,Female,Kirovgrad,RU,383,177-923-3702,060442245363746737
962,Gregor,Leiden,gleidenqp@eepurl.com,Non-binary,Qujiang,CN,22,203-852-3255,3534099043821488
963,Burke,McCullogh,bmcculloghqq@dyndns.org,Male,Zubūbah,PS,38,554-677-0312,337941116580860
964,Ladonna,Bouts,lboutsqr@si.edu,Female,Chunmuying,CN,64,885-286-9176,201732972964675
965,Sib,Retallick,sretallickqs@issuu.com,Polygender,Saint Petersburg,US,6216,727-675-8430,5641821432863820
966,Aldin,Challice,achalliceqt@timesonline.co.uk,Male,Victoria,MT,3,413-508-6711,630438983675838513
967,Layton,Maletratt,lmaletrattqu@google.com,Male,Japerejo,ID,4,348-691-3371,5108758020013655
968,Isa,Collman,icollmanqv@goodreads.com,Female,Oskarshamn,SE,41,828-715-0113,4017950590563291
969,Axel,Creggan,acregganqw@example.com,Male,Basseterre,KN,0278,871-666-7947,5575773538950169
970,Blinni,Cutmere,bcutmereqx@acquirethisname.com,Female,Zhangtan,CN,2519,932-564-2206,67718620772295504
971,Amberly,Bartali,abartaliqy@csmonitor.com,Female,Pinheiro Machado,BR,006,126-324-2302,6395659879357120
972,Orrin,Mcsarry,omcsarryqz@livejournal.com,Male,Loikaw,MM,9352,503-250-5430,3555400084723084
973,Kristin,Pretty,kprettyr0@hc360.com,Female,Yessentuki,RU,1,564-811-1745,4844139278277288
974,Levy,Bohden,lbohdenr1@omniture.com,Male,Citeureup,ID,644,145-455-4474,4041374044279
975,Wenda,Dinneen,wdinneenr2@msn.com,Female,Corticeiro de Baixo,PT,8,224-938-0963,4844252760404458
976,Rainer,Suff,rsuffr3@bluehost.com,Male,Gennevilliers,FR,70876,511-370-9812,3571825442023738
977,Skell,Clapton,sclaptonr4@wp.com,Male,Forquilhinha,BR,3678,137-253-3470,3546487454536958
978,Gianna,Ellins,gellinsr5@cmu.edu,Female,Alae,PH,5,521-650-5694,56022460774071296
979,Bonni,Church,bchurchr6@columbia.edu,Female,Calçada,PT,8540,369-497-1129,493605726495028959
980,Odell,Goosey,ogooseyr7@ft.com,Male,Kaduela,ID,1,877-681-8510,5429876070505289
981,Waylin,Aspin,waspinr8@spotify.com,Male,Conceição da Barra,BR,32610,953-366-9594,3540986161907481
982,Michelina,Onslow,monslowr9@upenn.edu,Female,Tipaz,PH,6099,838-464-3529,67093277961920577
983,Orland,Girardez,ogirardezra@google.fr,Male,Naghalin,PH,8,224-697-5630,5602213694290966
984,Eldridge,Greschik,egreschikrb@sohu.com,Male,Shangbahe,CN,120,241-179-4745,30336656844273
985,Analiese,Rouby,aroubyrc@ucoz.com,Female,Paidha,UG,6,827-952-3376,3586528156408656
986,Rustie,Ralph,rralphrd@dion.ne.jp,Male,Banjar Jagasatru,ID,654,188-842-9874,3544452783140791
987,Tamra,Stille,tstillere@ox.ac.uk,Agender,Berbera,SO,712,746-217-9873,5108755052686168
988,Tatiania,Gostridge,tgostridgerf@github.com,Female,Pembroke,MT,2,177-774-0091,3576093472448565
989,Margaretta,Housego,mhousegorg@imgur.com,Female,Jiahe,CN,3,753-805-0622,5100176664836877
990,Byrom,Heister,bheisterrh@amazon.de,Male,Barwałd Górny,PL,918,264-989-9495,4913151759992844
991,Vilma,Crutchfield,vcrutchfieldri@pagesperso-orange.fr,Female,Mae Chan,TH,5,980-881-1467,4917847597467008
992,Sandy,Dwyr,sdwyrrj@diigo.com,Female,Maych’ew,ET,228,707-505-5967,3585154871925790
993,Corrianne,Jacquest,cjacquestrk@independent.co.uk,Female,Znamenskoye,RU,98,119-907-5151,6333114695395218836
994,Mose,Mc Harg,mmchargrl@tripadvisor.com,Genderfluid,Jincheng,CN,89,208-178-5844,3543249562649039
995,Abel,Dulany,adulanyrm@earthlink.net,Non-binary,Junín,AR,2774,744-338-8795,6763248532189270
996,Hilario,Pogue,hpoguern@github.com,Male,Disūq,EG,170,851-592-7203,3561863942006491
997,Delmor,Mycroft,dmycroftro@jugem.jp,Male,Shicong,CN,719,735-968-0046,30439160572495
998,Mill,Truggian,mtruggianrp@addtoany.com,Male,Semampir,ID,52782,749-409-8926,3580628791542806
999,Carmella,Fayers,cfayersrq@merriam-webster.com,Female,Croissy-sur-Seine,FR,9,362-553-5998,6383927605161882
1000,Dniren,Johansen,djohansenrr@dmoz.org,Female,Longkou,CN,23,412-459-1670,3587653950736935
